epoch,balance,equity,floatingPnL
1783686573,14791.00,17218.00,-512.00
1783686789,14791.00,17206.00,-524.00
1783686931,14791.00,17207.00,-523.00
1783688312,14791.00,17223.00,-507.00
1783689892,14791.00,17230.00,-500.00
1783693492,14791.00,17226.00,-504.00
1783697092,14804.00,17277.00,-466.00
1783700692,14804.00,17240.00,-503.00
1783704292,14804.00,17312.00,-431.00
1783707892,14823.00,17334.00,-428.00
1783711492,14823.00,17335.00,-427.00
1783715092,14823.00,17334.00,-428.00
1783718693,14823.00,17305.00,-457.00
1783722293,14823.00,17305.00,-457.00
1783725893,14823.00,17305.00,-457.00
1783729493,14823.00,17305.00,-457.00
1783733093,14823.00,17305.00,-457.00
1783736693,14823.00,17305.00,-457.00
1783740293,14823.00,17305.00,-457.00
1783743893,14823.00,17305.00,-457.00
1783747493,14823.00,17305.00,-457.00
1783751093,14823.00,17305.00,-457.00
1783754693,14823.00,17305.00,-457.00
1783758293,14823.00,17305.00,-457.00
1783761894,14823.00,17305.00,-457.00
1783765494,14823.00,17305.00,-457.00
1783769094,14823.00,17305.00,-457.00
1783772694,14823.00,17305.00,-457.00
1783776294,14823.00,17305.00,-457.00
1783779894,14823.00,17305.00,-457.00
1783783494,14823.00,17305.00,-457.00
1783787094,14823.00,17305.00,-457.00
1783790694,14823.00,17305.00,-457.00
1783794294,14823.00,17305.00,-457.00
1783797894,14823.00,17305.00,-457.00
1783801495,14823.00,17305.00,-457.00
1783805095,14823.00,17305.00,-457.00
1783808695,14823.00,17305.00,-457.00
1783812295,14823.00,17305.00,-457.00
1783815895,14823.00,17305.00,-457.00
1783819495,14823.00,17305.00,-457.00
1783823095,14823.00,17305.00,-457.00
1783826695,14823.00,17305.00,-457.00
1783830295,14823.00,17305.00,-457.00
1783833895,14823.00,17305.00,-457.00
1783837495,14823.00,17305.00,-457.00
1783841095,14823.00,17305.00,-457.00
1783844696,14823.00,17305.00,-457.00
1783848296,14823.00,17305.00,-457.00
1783851896,14823.00,17305.00,-457.00
1783855496,14823.00,17305.00,-457.00
1783859096,14823.00,17305.00,-457.00
1783862696,14823.00,17305.00,-457.00
1783866296,14823.00,17305.00,-457.00
1783869896,14823.00,17305.00,-457.00
1783873496,14823.00,17305.00,-457.00
1783877096,14823.00,17305.00,-457.00
1783880696,14823.00,17305.00,-457.00
1783884296,14823.00,17305.00,-457.00
1783887897,14823.00,17305.00,-457.00
1783891497,14823.00,17271.00,-491.00
1783895097,14823.00,17288.00,-474.00
1783898697,14823.00,17295.00,-467.00
1783902297,14832.00,17322.00,-449.00
1783905897,14831.00,17247.00,-523.00
1783909497,14831.00,17278.00,-492.00
1783913097,14831.00,17262.00,-508.00
1783916697,14831.00,17288.00,-482.00
1783920297,14831.00,17303.00,-467.00
1783923897,14846.00,17121.00,-664.00
1783927497,14855.00,17290.00,-504.00
1783931098,14859.00,17329.00,-469.00
1783934698,14859.00,17369.00,-429.00
1783938298,14859.00,17334.00,-464.00
1783941898,14859.00,17312.00,-486.00
1783945498,14866.00,17294.00,-511.00
1783949098,14866.00,17311.00,-494.00
1783952698,14874.00,17189.00,-624.00
1783956298,14874.00,17189.00,-624.00
1783959898,14874.00,17137.00,-676.00
1783963498,14877.00,17075.00,-741.00
1783967098,14877.00,17045.00,-771.00
1783970698,14877.00,17079.00,-737.00
1783974299,14877.00,17038.00,-778.00
1783977899,14877.00,16982.00,-834.00
1783981499,14877.00,17043.00,-773.00
1783985099,14877.00,17047.00,-769.00
1783988699,14877.00,17029.00,-787.00
1783992299,14884.00,17146.00,-677.00
1783995899,14884.00,17138.00,-685.00
1783999499,14884.00,17156.00,-667.00
1784003099,14884.00,17197.00,-626.00
1784006699,14884.00,17210.00,-613.00
1784010299,14884.00,17171.00,-652.00
1784013899,14884.00,17190.00,-633.00
1784017499,14884.00,17157.00,-666.00
1784021100,14905.00,17307.00,-537.00
1784024700,14905.00,17325.00,-519.00
1784028300,14905.00,17310.00,-534.00
1784031900,14905.00,17327.00,-517.00
1784035500,14947.00,17501.00,-385.00
1784039100,14954.00,17506.00,-387.00
1784042700,14954.00,17502.00,-391.00
1784046300,14962.00,17456.00,-445.00
1784049900,14962.00,17431.00,-470.00
1784053500,14962.00,17431.00,-470.00
1784057100,14965.00,17444.00,-460.00
1784060700,14965.00,17413.00,-491.00
1784064301,14965.00,17375.00,-529.00
1784067901,14965.00,17396.00,-508.00
1784069637,14965.00,17396.00,-508.00
1784070537,14965.00,17404.00,-500.00
1784071437,14965.00,17404.00,-500.00
1784072337,14965.00,17416.00,-488.00
1784073237,14965.00,17421.00,-483.00
1784074137,14965.00,17421.00,-483.00
1784075037,14965.00,17421.00,-483.00
1784075937,14965.00,17427.00,-477.00
1784076837,14965.00,17444.00,-460.00
1784077737,14965.00,17503.00,-401.00
1784078637,14965.00,17491.00,-413.00
1784079537,14965.00,17471.00,-433.00
1784080437,14965.00,17457.00,-447.00
1784081337,14965.00,17482.00,-422.00
1784082237,14965.00,17458.00,-446.00
1784083137,14965.00,17462.00,-442.00
1784084037,14965.00,17464.00,-440.00
1784084937,14965.00,17456.00,-448.00
1784085837,14965.00,17438.00,-466.00
1784086737,14965.00,17442.00,-462.00
1784087637,14965.00,17442.00,-462.00
1784088537,14965.00,17444.00,-460.00
1784089437,14965.00,17435.00,-469.00
1784090337,14965.00,17422.00,-482.00
1784091237,14971.00,17415.00,-495.00
1784092137,14971.00,17427.00,-483.00
1784093037,14971.00,17427.00,-483.00
1784093937,14971.00,17429.00,-481.00
1784094837,14971.00,17433.00,-477.00
1784095737,14971.00,17429.00,-481.00
1784096637,14971.00,17437.00,-473.00
1784097537,14971.00,17427.00,-483.00
1784098437,14971.00,17437.00,-473.00
1784099337,14971.00,17410.00,-500.00
1784100237,14971.00,17391.00,-519.00
1784101137,14973.00,17379.00,-533.00
1784102037,14973.00,17403.00,-509.00
1784102937,14973.00,17376.00,-536.00
1784103837,14973.00,17367.00,-545.00
1784104737,14973.00,17368.00,-544.00
1784105638,14973.00,17358.00,-554.00
1784106538,14973.00,17367.00,-545.00
1784107438,14973.00,17376.00,-536.00
1784108338,14973.00,17354.00,-558.00
1784109238,14976.00,17335.00,-580.00
1784110138,14976.00,17310.00,-605.00
1784111038,14976.00,17302.00,-613.00
1784111938,14978.00,17296.00,-621.00
1784112838,14978.00,17292.00,-625.00
1784113738,14978.00,17331.00,-586.00
1784114638,14978.00,17328.00,-589.00
1784115538,14978.00,17328.00,-589.00
1784116438,14978.00,17335.00,-582.00
1784117338,14978.00,17315.00,-602.00
1784118238,14978.00,17323.00,-594.00
1784119138,14978.00,17372.00,-545.00
1784120038,14978.00,17423.00,-494.00
1784120938,14978.00,17475.00,-442.00
1784121838,14978.00,17413.00,-504.00
1784122738,14978.00,17413.00,-504.00
1784123638,14978.00,17405.00,-513.00
1784124538,14978.00,17414.00,-503.00
1784125438,14978.00,17442.00,-475.00
1784126338,14978.00,17433.00,-484.00
1784127238,14978.00,17445.00,-472.00
1784128138,14978.00,17469.00,-448.00
1784129038,14978.00,17456.00,-461.00
1784129938,15014.00,17481.00,-472.00
1784130838,15014.00,17479.00,-474.00
1784131738,15014.00,17466.00,-487.00
1784132638,15014.00,17481.00,-472.00
1784133538,15014.00,17462.00,-491.00
1784134438,15014.00,17466.00,-487.00
1784135338,15014.00,17493.00,-460.00
1784136238,15014.00,17492.00,-461.00
1784137138,15014.00,17509.00,-444.00
1784138038,15014.00,17530.00,-423.00
1784138938,15014.00,17550.00,-403.00
1784139838,15014.00,17558.00,-395.00
1784140738,15014.00,17560.00,-393.00
1784141638,15014.00,17526.00,-427.00
1784142538,15014.00,17523.00,-430.00
1784143438,15014.00,17506.00,-447.00
1784144338,15019.00,17466.00,-492.00
1784145238,15019.00,17449.00,-509.00
1784146138,15019.00,17462.00,-496.00
1784147038,15019.00,17472.00,-486.00
1784147938,15019.00,17466.00,-492.00
1784148839,15019.00,17472.00,-486.00
1784149739,15019.00,17391.00,-567.00
1784150639,15019.00,17420.00,-538.00
1784151539,15019.00,17437.00,-521.00
1784152439,15019.00,17438.00,-520.00
1784153339,15019.00,17450.00,-508.00
1784154239,15019.00,17466.00,-492.00
1784155139,15019.00,17458.00,-500.00
1784156039,15019.00,17465.00,-493.00
1784156939,15019.00,17465.00,-493.00
1784157839,15019.00,17481.00,-477.00
1784158739,15019.00,17482.00,-476.00
1784159639,15019.00,17489.00,-469.00
1784160539,15019.00,17472.00,-486.00
1784161439,15019.00,17482.00,-476.00
1784162339,15019.00,17471.00,-487.00
1784163239,15019.00,17469.00,-489.00
1784164139,15019.00,17479.00,-479.00
1784165039,15019.00,17498.00,-460.00
1784165939,15019.00,17482.00,-476.00
1784166839,15019.00,17476.00,-482.00
1784167739,15019.00,17458.00,-500.00
1784168639,15019.00,17462.00,-496.00
1784169539,15019.00,17470.00,-488.00
1784170439,15019.00,17461.00,-497.00
1784171339,15019.00,17461.00,-497.00
1784172239,15019.00,17473.00,-485.00
1784173139,15019.00,17485.00,-473.00
1784174039,15019.00,17474.00,-484.00
1784174939,15019.00,17473.00,-485.00
1784175839,15019.00,17465.00,-493.00
1784176739,15019.00,17461.00,-497.00
1784177639,15019.00,17473.00,-485.00
1784178539,15019.00,17474.00,-484.00
1784179439,15019.00,17465.00,-493.00
1784180339,15019.00,17455.00,-503.00
1784181239,15019.00,17461.00,-497.00
1784182139,15019.00,17455.00,-503.00
1784183039,15019.00,17455.00,-503.00
1784183939,15019.00,17443.00,-515.00
1784184839,15019.00,17448.00,-510.00
1784185739,15019.00,17485.00,-473.00
1784186639,15019.00,17509.00,-449.00
1784187539,15019.00,17491.00,-467.00
1784188439,15019.00,17497.00,-461.00
1784189339,15019.00,17472.00,-486.00
1784190239,15019.00,17473.00,-485.00
1784191139,15019.00,17473.00,-485.00
1784192040,15019.00,17455.00,-503.00
1784192940,15027.00,17459.00,-507.00
1784193840,15027.00,17473.00,-493.00
1784194740,15027.00,17444.00,-522.00
1784195640,15027.00,17457.00,-509.00
1784196540,15027.00,17445.00,-521.00
1784197440,15027.00,17448.00,-518.00
1784198340,15027.00,17453.00,-513.00
1784199240,15027.00,17446.00,-520.00
1784200140,15027.00,17471.00,-495.00
1784201040,15027.00,17462.00,-504.00
1784201940,15027.00,17450.00,-516.00
1784202840,15027.00,17442.00,-524.00
1784203740,15027.00,17445.00,-521.00
1784204640,15027.00,17442.00,-524.00
1784205540,15030.00,17419.00,-550.00
1784206440,15030.00,17395.00,-574.00
1784207340,15032.00,17398.00,-573.00
1784208240,15032.00,17410.00,-561.00
1784209140,15032.00,17416.00,-555.00
1784210040,15032.00,17370.00,-601.00
1784210940,15032.00,17353.00,-618.00
1784211840,15035.00,17319.00,-655.00
1784212740,15035.00,17316.00,-658.00
1784213640,15038.00,17281.00,-696.00
1784214540,15038.00,17264.00,-713.00
1784215440,15038.00,17278.00,-699.00
1784216340,15038.00,17292.00,-685.00
1784217240,15038.00,17296.00,-681.00
1784218140,15038.00,17280.00,-697.00
1784219040,15038.00,17229.00,-748.00
1784219940,15041.00,17246.00,-734.00
1784220840,15041.00,17248.00,-732.00
1784221740,15041.00,17227.00,-753.00
1784222640,15041.00,17240.00,-740.00
1784223540,15041.00,17241.00,-739.00
1784224440,15041.00,17312.00,-668.00
1784225340,15041.00,17312.00,-668.00
1784226240,15041.00,17334.00,-646.00
1784227140,15041.00,17324.00,-656.00
1784228040,15041.00,17321.00,-659.00
1784228940,15041.00,17321.00,-659.00
1784229840,15041.00,17307.00,-673.00
1784230740,15041.00,17312.00,-668.00
1784231640,15041.00,17335.00,-645.00
1784232540,15041.00,17341.00,-639.00
1784233440,15041.00,17331.00,-649.00
1784234340,15041.00,17359.00,-621.00
1784235241,15041.00,17354.00,-626.00
1784236141,15041.00,17252.00,-728.00
1784237041,15041.00,17275.00,-705.00
1784237941,15041.00,17278.00,-702.00
1784238841,15041.00,17280.00,-700.00
1784239741,15041.00,17345.00,-635.00
1784240641,15041.00,17335.00,-645.00
1784241541,15041.00,17332.00,-648.00
1784242441,15041.00,17320.00,-660.00
1784243341,15041.00,17327.00,-653.00
1784244241,15041.00,17335.00,-645.00
1784245141,15041.00,17365.00,-615.00
1784246041,15041.00,17336.00,-644.00
1784246941,15041.00,17290.00,-690.00
1784247841,15041.00,17268.00,-712.00
1784248741,15041.00,17328.00,-652.00
1784249641,15041.00,17259.00,-721.00
1784250541,15041.00,17259.00,-721.00
1784251441,15041.00,17254.00,-726.00
1784252341,15041.00,17241.00,-739.00
1784253241,15041.00,17231.00,-749.00
1784254141,15041.00,17268.00,-712.00
1784255041,15041.00,17278.00,-702.00
1784255941,15041.00,17266.00,-714.00
1784256841,15041.00,17306.00,-674.00
1784257741,15041.00,17322.00,-658.00
1784258641,15041.00,17317.00,-663.00
1784259541,15041.00,17306.00,-674.00
1784260441,15041.00,17299.00,-681.00
1784261341,15041.00,17290.00,-690.00
1784262241,15041.00,17275.00,-705.00
1784263141,15041.00,17276.00,-704.00
1784264041,15041.00,17281.00,-699.00
1784264941,15041.00,17278.00,-702.00
1784265841,15041.00,17261.00,-719.00
1784266741,15041.00,17291.00,-689.00
1784267641,15041.00,17307.00,-673.00
1784268541,15041.00,17276.00,-704.00
1784269441,15041.00,17345.00,-635.00
1784270341,15041.00,17310.00,-670.00
1784271241,15041.00,17328.00,-652.00
1784272141,15063.00,17435.00,-567.00
1784273041,15063.00,17435.00,-567.00
1784273941,15063.00,17429.00,-573.00
1784274841,15063.00,17417.00,-585.00
1784275741,15063.00,17389.00,-613.00
1784276641,15063.00,17349.00,-653.00
1784277542,15063.00,17351.00,-651.00
1784278442,15063.00,17326.00,-676.00
1784279342,15063.00,17319.00,-683.00
1784280242,15063.00,17292.00,-710.00
1784281142,15063.00,17300.00,-702.00
1784282042,15063.00,17321.00,-681.00
1784282942,15063.00,17341.00,-661.00
1784283842,15063.00,17323.00,-679.00
1784284742,15063.00,17323.00,-679.00
1784285642,15063.00,17321.00,-681.00
1784286542,15063.00,17343.00,-659.00
1784287442,15063.00,17353.00,-649.00
1784288342,15063.00,17372.00,-630.00
1784289242,15063.00,17360.00,-642.00
1784290142,15063.00,17349.00,-653.00
1784291042,15063.00,17355.00,-647.00
1784291942,15063.00,17343.00,-659.00
1784292842,15063.00,17313.00,-689.00
1784293742,15063.00,17313.00,-689.00
1784294642,15063.00,17295.00,-707.00
1784295542,15063.00,17341.00,-661.00
1784296442,15063.00,17320.00,-682.00
1784297342,15063.00,17350.00,-652.00
1784298242,15063.00,17338.00,-664.00
1784299142,15063.00,17331.00,-671.00
1784300042,15063.00,17330.00,-672.00
1784300942,15063.00,17334.00,-668.00
1784301842,15063.00,17350.00,-652.00
1784302742,15063.00,17321.00,-681.00
1784303642,15063.00,17307.00,-695.00
1784304542,15068.00,17285.00,-722.00
1784305442,15068.00,17266.00,-741.00
1784306342,15068.00,17265.00,-742.00
1784307242,15068.00,17263.00,-744.00
1784308142,15068.00,17313.00,-694.00
1784309042,15068.00,17285.00,-722.00
1784309942,15068.00,17291.00,-716.00
1784310842,15068.00,17279.00,-728.00
1784311742,15068.00,17314.00,-693.00
1784312642,15068.00,17304.00,-703.00
1784313542,15068.00,17310.00,-697.00
1784314442,15068.00,17317.00,-690.00
1784315342,15068.00,17307.00,-700.00
1784316242,15068.00,17291.00,-716.00
1784317142,15068.00,17279.00,-728.00
1784318042,15068.00,17309.00,-698.00
1784318942,15068.00,17343.00,-664.00
1784319842,15068.00,17314.00,-693.00
1784320742,15068.00,17309.00,-698.00
1784321643,15068.00,17346.00,-661.00
1784322543,15068.00,17286.00,-721.00
1784323443,15068.00,17286.00,-721.00
1784324343,15068.00,17286.00,-721.00
1784325243,15068.00,17286.00,-721.00
1784326143,15068.00,17286.00,-721.00
1784327043,15068.00,17286.00,-721.00
1784327943,15068.00,17286.00,-721.00
1784328843,15068.00,17286.00,-721.00
1784329743,15068.00,17286.00,-721.00
1784330643,15068.00,17286.00,-721.00
1784331543,15068.00,17286.00,-721.00
1784332443,15068.00,17286.00,-721.00
1784333343,15068.00,17286.00,-721.00
1784334243,15068.00,17286.00,-721.00
1784335143,15068.00,17286.00,-721.00
1784336043,15068.00,17286.00,-721.00
1784336943,15068.00,17286.00,-721.00
1784337843,15068.00,17286.00,-721.00
1784338743,15068.00,17286.00,-721.00
1784339643,15068.00,17286.00,-721.00
1784340543,15068.00,17286.00,-721.00
1784341443,15068.00,17286.00,-721.00
1784342343,15068.00,17286.00,-721.00
1784343243,15068.00,17286.00,-721.00
1784344143,15068.00,17286.00,-721.00
1784345043,15068.00,17286.00,-721.00
1784345943,15068.00,17286.00,-721.00
1784346843,15068.00,17286.00,-721.00
1784347743,15068.00,17286.00,-721.00
1784348643,15068.00,17286.00,-721.00
1784349543,15068.00,17286.00,-721.00
1784350443,15068.00,17286.00,-721.00
1784351343,15068.00,17286.00,-721.00
1784352243,15068.00,17286.00,-721.00
1784353143,15068.00,17286.00,-721.00
1784354043,15068.00,17286.00,-721.00
1784354943,15068.00,17286.00,-721.00
1784355843,15068.00,17286.00,-721.00
1784356743,15068.00,17286.00,-721.00
1784357643,15068.00,17286.00,-721.00
1784358543,15068.00,17286.00,-721.00
1784359443,15068.00,17286.00,-721.00
1784360343,15068.00,17286.00,-721.00
1784361243,15068.00,17286.00,-721.00
1784362143,15068.00,17286.00,-721.00
1784363043,15068.00,17286.00,-721.00
1784363944,15068.00,17286.00,-721.00
1784364844,15068.00,17286.00,-721.00
1784365744,15068.00,17286.00,-721.00
1784366644,15068.00,17286.00,-721.00
1784367544,15068.00,17286.00,-721.00
1784368444,15068.00,17286.00,-721.00
1784369344,15068.00,17286.00,-721.00
1784370244,15068.00,17286.00,-721.00
1784371144,15068.00,17286.00,-721.00
1784372044,15068.00,17286.00,-721.00
1784372944,15068.00,17286.00,-721.00
1784373844,15068.00,17286.00,-721.00
1784374744,15068.00,17286.00,-721.00
1784375644,15068.00,17286.00,-721.00
1784376544,15068.00,17286.00,-721.00
1784377444,15068.00,17286.00,-721.00
1784378344,15068.00,17286.00,-721.00
1784379244,15068.00,17286.00,-721.00
1784380144,15068.00,17286.00,-721.00
1784381044,15068.00,17286.00,-721.00
1784381944,15068.00,17286.00,-721.00
1784382844,15068.00,17286.00,-721.00
1784383744,15068.00,17286.00,-721.00
1784384644,15068.00,17286.00,-721.00
1784385544,15068.00,17286.00,-721.00
1784386444,15068.00,17286.00,-721.00
1784387344,15068.00,17286.00,-721.00
1784388244,15068.00,17286.00,-721.00
1784389144,15068.00,17286.00,-721.00
1784390044,15068.00,17286.00,-721.00
1784390944,15068.00,17286.00,-721.00
1784391844,15068.00,17286.00,-721.00
1784392744,15068.00,17286.00,-721.00
1784393644,15068.00,17286.00,-721.00
1784394544,15068.00,17286.00,-721.00
1784395444,15068.00,17286.00,-721.00
1784396344,15068.00,17286.00,-721.00
1784397244,15068.00,17286.00,-721.00
1784398144,15068.00,17286.00,-721.00
1784399044,15068.00,17286.00,-721.00
1784399944,15068.00,17286.00,-721.00
1784400844,15068.00,17286.00,-721.00
1784401744,15068.00,17286.00,-721.00
1784402644,15068.00,17286.00,-721.00
1784403544,15068.00,17286.00,-721.00
1784404444,15068.00,17286.00,-721.00
1784405344,15068.00,17286.00,-721.00
1784406245,15068.00,17286.00,-721.00
1784407145,15068.00,17286.00,-721.00
1784408045,15068.00,17286.00,-721.00
1784408945,15068.00,17286.00,-721.00
1784409845,15068.00,17286.00,-721.00
1784410745,15068.00,17286.00,-721.00
1784411645,15068.00,17286.00,-721.00
1784412545,15068.00,17286.00,-721.00
1784413445,15068.00,17286.00,-721.00
1784414345,15068.00,17286.00,-721.00
1784415245,15068.00,17286.00,-721.00
1784416145,15068.00,17286.00,-721.00
1784417045,15068.00,17286.00,-721.00
1784417945,15068.00,17286.00,-721.00
1784418845,15068.00,17286.00,-721.00
1784419745,15068.00,17286.00,-721.00
1784420645,15068.00,17286.00,-721.00
1784421545,15068.00,17286.00,-721.00
1784422445,15068.00,17286.00,-721.00
1784423345,15068.00,17286.00,-721.00
1784424245,15068.00,17286.00,-721.00
1784425145,15068.00,17286.00,-721.00
1784426045,15068.00,17286.00,-721.00
1784426945,15068.00,17286.00,-721.00
1784427845,15068.00,17286.00,-721.00
1784428745,15068.00,17286.00,-721.00
1784429645,15068.00,17286.00,-721.00
1784430545,15068.00,17286.00,-721.00
1784431445,15068.00,17286.00,-721.00
1784432345,15068.00,17286.00,-721.00
1784433245,15068.00,17286.00,-721.00
1784434145,15068.00,17286.00,-721.00
1784435045,15068.00,17286.00,-721.00
1784435945,15068.00,17286.00,-721.00
1784436845,15068.00,17286.00,-721.00
1784437745,15068.00,17286.00,-721.00
1784438645,15068.00,17286.00,-721.00
1784439545,15068.00,17286.00,-721.00
1784440445,15068.00,17286.00,-721.00
1784441345,15068.00,17286.00,-721.00
1784442245,15068.00,17286.00,-721.00
1784443145,15068.00,17286.00,-721.00
1784444045,15068.00,17286.00,-721.00
1784444945,15068.00,17286.00,-721.00
1784445845,15068.00,17286.00,-721.00
1784446745,15068.00,17286.00,-721.00
1784447645,15068.00,17286.00,-721.00
1784448546,15068.00,17286.00,-721.00
1784449446,15068.00,17286.00,-721.00
1784450346,15068.00,17286.00,-721.00
1784451246,15068.00,17286.00,-721.00
1784452146,15068.00,17286.00,-721.00
1784453046,15068.00,17286.00,-721.00
1784453946,15068.00,17286.00,-721.00
1784454846,15068.00,17286.00,-721.00
1784455746,15068.00,17286.00,-721.00
1784456646,15068.00,17286.00,-721.00
1784457546,15068.00,17286.00,-721.00
1784458446,15068.00,17286.00,-721.00
1784459346,15068.00,17286.00,-721.00
1784460246,15068.00,17286.00,-721.00
1784461146,15068.00,17286.00,-721.00
1784462046,15068.00,17286.00,-721.00
1784462946,15068.00,17286.00,-721.00
1784463846,15068.00,17286.00,-721.00
1784464746,15068.00,17286.00,-721.00
1784465646,15068.00,17286.00,-721.00
1784466546,15068.00,17286.00,-721.00
1784467446,15068.00,17286.00,-721.00
1784468346,15068.00,17286.00,-721.00
1784469246,15068.00,17286.00,-721.00
1784470146,15068.00,17286.00,-721.00
1784471046,15068.00,17286.00,-721.00
1784471946,15068.00,17286.00,-721.00
1784472846,15068.00,17286.00,-721.00
1784473746,15068.00,17286.00,-721.00
1784474646,15068.00,17286.00,-721.00
1784475546,15068.00,17286.00,-721.00
1784476446,15068.00,17286.00,-721.00
1784477346,15068.00,17286.00,-721.00
1784478246,15068.00,17286.00,-721.00
1784479146,15068.00,17286.00,-721.00
1784480046,15068.00,17286.00,-721.00
1784480946,15068.00,17286.00,-721.00
1784481846,15068.00,17286.00,-721.00
1784482746,15068.00,17286.00,-721.00
1784483646,15068.00,17286.00,-721.00
1784484546,15068.00,17286.00,-721.00
1784485446,15068.00,17286.00,-721.00
1784486346,15068.00,17286.00,-721.00
1784487246,15068.00,17286.00,-721.00
1784488146,15068.00,17286.00,-721.00
1784489046,15068.00,17286.00,-721.00
1784489946,15068.00,17286.00,-721.00
1784490847,15068.00,17286.00,-721.00
1784491747,15068.00,17286.00,-721.00
1784492647,15068.00,17286.00,-721.00
1784493547,15068.00,17286.00,-721.00
1784494447,15068.00,17286.00,-721.00
1784495347,15068.00,17216.00,-791.00
1784496247,15068.00,17242.00,-765.00
1784497147,15068.00,17207.00,-800.00
1784498047,15068.00,17257.00,-750.00
1784498947,15073.00,17201.00,-811.00
1784499847,15073.00,17194.00,-818.00
1784500747,15073.00,17207.00,-805.00
1784501647,15073.00,17201.00,-811.00
1784502547,15073.00,17194.00,-818.00
1784503447,15073.00,17184.00,-828.00
1784504347,15073.00,17178.00,-834.00
1784505247,15073.00,17182.00,-830.00
1784506147,15073.00,17211.00,-801.00
1784507047,15073.00,17252.00,-760.00
1784507947,15073.00,17258.00,-754.00
1784508847,15073.00,17360.00,-652.00
1784509747,15073.00,17372.00,-640.00
1784510647,15073.00,17315.00,-697.00
1784511547,15073.00,17338.00,-674.00
1784512447,15073.00,17334.00,-678.00
1784513347,15073.00,17360.00,-652.00
1784514247,15073.00,17363.00,-649.00
1784515147,15073.00,17362.00,-650.00
1784516047,15073.00,17351.00,-661.00
1784516947,15073.00,17351.00,-661.00
1784517847,15073.00,17338.00,-674.00
1784518747,15073.00,17340.00,-672.00
1784519647,15073.00,17342.00,-670.00
1784520547,15073.00,17328.00,-684.00
1784521447,15073.00,17353.00,-659.00
1784522347,15073.00,17348.00,-664.00
1784523247,15073.00,17367.00,-645.00
1784524147,15073.00,17372.00,-640.00
1784525047,15073.00,17362.00,-650.00
1784525947,15073.00,17360.00,-652.00
1784526847,15073.00,17351.00,-661.00
1784527747,15073.00,17335.00,-677.00
1784528647,15073.00,17327.00,-685.00
1784529547,15073.00,17325.00,-687.00
1784530447,15073.00,17315.00,-697.00
1784531347,15073.00,17292.00,-720.00
1784532247,15073.00,17296.00,-716.00
1784533148,15073.00,17363.00,-649.00
1784534048,15073.00,17358.00,-654.00
1784534948,15073.00,17341.00,-671.00
1784535848,15073.00,17351.00,-661.00
1784536748,15073.00,17355.00,-657.00
1784537648,15073.00,17340.00,-672.00
1784538548,15073.00,17315.00,-697.00
1784539448,15073.00,17332.00,-680.00
1784540348,15073.00,17308.00,-704.00
1784541248,15073.00,17295.00,-717.00
1784542148,15073.00,17292.00,-720.00
1784543048,15073.00,17315.00,-697.00
1784543948,15073.00,17320.00,-692.00
1784544848,15073.00,17321.00,-691.00
1784545748,15073.00,17309.00,-703.00
1784546648,15073.00,17298.00,-714.00
1784547548,15119.00,17392.00,-666.00
1784548448,15119.00,17382.00,-676.00
1784549348,15119.00,17360.00,-698.00
1784550248,15119.00,17337.00,-721.00
1784551148,15119.00,17352.00,-706.00
1784552048,15119.00,17355.00,-703.00
1784552948,15119.00,17338.00,-720.00
1784553848,15119.00,17338.00,-720.00
1784554748,15119.00,17355.00,-703.00
1784555648,15119.00,17338.00,-720.00
1784556548,15119.00,17246.00,-812.00
1784557448,15125.00,17244.00,-823.00
1784558348,15125.00,17222.00,-842.00
1784559248,15125.00,17207.00,-857.00
1784560148,15125.00,17241.00,-823.00
1784561048,15125.00,17232.00,-832.00
1784561948,15125.00,17207.00,-857.00
1784562848,15125.00,17215.00,-849.00
1784563748,15125.00,17245.00,-819.00
1784564648,15125.00,17240.00,-824.00
1784565548,15125.00,17248.00,-816.00
1784566448,15125.00,17232.00,-832.00
1784567348,15125.00,17294.00,-770.00
1784568248,15125.00,17294.00,-770.00
1784569148,15125.00,17290.00,-774.00
1784570048,15125.00,17313.00,-751.00
1784570948,15125.00,17329.00,-735.00
1784571848,15125.00,17312.00,-752.00
1784572748,15125.00,17290.00,-774.00
1784573648,15125.00,17265.00,-799.00
1784574548,15125.00,17291.00,-773.00
1784575448,15125.00,17291.00,-773.00
1784576348,15125.00,17298.00,-766.00
1784577249,15125.00,17304.00,-760.00
1784578149,15125.00,17274.00,-790.00
1784579049,15125.00,17269.00,-795.00
1784579949,15125.00,17262.00,-802.00
1784580849,15125.00,17277.00,-787.00
1784581749,15125.00,17216.00,-848.00
1784582649,15125.00,17216.00,-848.00
1784583549,15125.00,17210.00,-854.00
1784584449,15125.00,17225.00,-839.00
1784585349,15125.00,17242.00,-822.00
1784586249,15125.00,17258.00,-806.00
1784587149,15125.00,17252.00,-812.00
1784588049,15125.00,17249.00,-815.00
1784588949,15125.00,17243.00,-821.00
1784589849,15125.00,17238.00,-826.00
1784590749,15125.00,17244.00,-820.00
1784591649,15125.00,17253.00,-811.00
1784592549,15125.00,17267.00,-797.00
1784593449,15125.00,17247.00,-817.00
1784594349,15125.00,17224.00,-840.00
1784595249,15125.00,17243.00,-821.00
1784596149,15125.00,17244.00,-820.00
1784597049,15125.00,17234.00,-830.00
1784597949,15125.00,17231.00,-833.00
1784598849,15125.00,17238.00,-826.00
1784599749,15125.00,17237.00,-827.00
1784600649,15125.00,17247.00,-817.00
1784601549,15125.00,17249.00,-815.00
1784602449,15125.00,17249.00,-815.00
1784603349,15125.00,17239.00,-825.00
1784604249,15125.00,17246.00,-818.00
1784605149,15125.00,17252.00,-812.00
1784606049,15125.00,17270.00,-794.00
1784606949,15125.00,17273.00,-791.00
1784607849,15125.00,17267.00,-797.00
1784608749,15125.00,17246.00,-818.00
1784609649,15125.00,17253.00,-811.00
1784610549,15125.00,17244.00,-820.00
1784611449,15125.00,17231.00,-833.00
1784612349,15125.00,17246.00,-818.00
1784613249,15125.00,17238.00,-826.00
1784614149,15125.00,17243.00,-821.00
1784615049,15125.00,17225.00,-839.00
1784615949,15125.00,17208.00,-856.00
1784616849,15125.00,17224.00,-840.00
1784617749,15125.00,17208.00,-856.00
1784618649,15125.00,17184.00,-880.00
1784619549,15125.00,17184.00,-880.00
1784620450,15125.00,17146.00,-918.00
1784621350,15128.00,17121.00,-946.00
1784622250,15128.00,17107.00,-960.00
1784623150,15130.00,17056.00,-1013.00
1784624050,15130.00,17052.00,-1017.00
1784624950,15130.00,17067.00,-1002.00
1784625850,15130.00,17083.00,-986.00
1784626750,15130.00,17076.00,-993.00
1784627650,15130.00,17076.00,-993.00
1784628550,15130.00,17058.00,-1011.00
1784629450,15130.00,17088.00,-981.00
1784630350,15130.00,17054.00,-1015.00
1784631250,15130.00,17058.00,-1011.00
1784632150,15130.00,17022.00,-1047.00
1784633050,15130.00,16981.00,-1088.00
1784633950,15130.00,16983.00,-1086.00
1784634850,15130.00,16972.00,-1097.00
1784635750,15130.00,16984.00,-1085.00
1784636650,15133.00,16933.00,-1139.00
1784637550,15133.00,16907.00,-1165.00
1784638450,15133.00,16973.00,-1099.00
1784639350,15133.00,16958.00,-1115.00
1784640250,15133.00,16902.00,-1170.00
1784641150,15133.00,16874.00,-1198.00
1784642050,15136.00,16813.00,-1262.00
1784642950,15138.00,16727.00,-1350.00
1784643850,15138.00,16732.00,-1345.00
1784644750,15141.00,16604.00,-1476.00
1784645650,15141.00,16589.00,-1491.00
1784646550,15143.00,16569.00,-1513.00
1784647450,15143.00,16656.00,-1426.00
1784648350,15143.00,16608.00,-1474.00
1784649250,15143.00,16499.00,-1583.00
1784650150,15143.00,16543.00,-1539.00
1784651050,15143.00,16545.00,-1537.00
1784651950,15143.00,16571.00,-1511.00
1784652850,15143.00,16543.00,-1539.00
1784653750,15143.00,16551.00,-1531.00
1784654650,15143.00,16564.00,-1518.00
1784655550,15143.00,16553.00,-1529.00
1784656450,15143.00,16532.00,-1550.00
1784657350,15149.00,16209.00,-1879.00
1784658250,15149.00,16159.00,-1929.00
1784659150,15149.00,16155.00,-1933.00
1784660050,15149.00,16094.00,-1994.00
1784660950,15149.00,16124.00,-1964.00
1784661850,15149.00,16168.00,-1920.00
1784662751,15149.00,16092.00,-1996.00
1784663651,15149.00,16132.00,-1956.00
1784664551,15149.00,16047.00,-2041.00
1784665451,15149.00,16011.00,-2077.00
1784666351,15149.00,16055.00,-2033.00
1784667251,15149.00,16105.00,-1983.00
1784668151,15149.00,16010.00,-2078.00
1784669051,15149.00,16024.00,-2064.00
1784669951,15149.00,16076.00,-2012.00
1784670851,15149.00,16093.00,-1995.00
1784671751,15149.00,16084.00,-2004.00
1784672651,15149.00,16049.00,-2039.00
1784673551,15149.00,16075.00,-2013.00
1784674451,15149.00,16026.00,-2062.00
1784675351,15149.00,16009.00,-2079.00
1784676251,15149.00,15983.00,-2105.00
1784677151,15149.00,16009.00,-2079.00
1784678051,15149.00,16020.00,-2068.00
1784678951,15149.00,16077.00,-2011.00
1784679851,15149.00,16391.00,-1697.00
1784680751,15149.00,16254.00,-1834.00
1784681651,15149.00,16225.00,-1863.00
1784682551,15149.00,16178.00,-1910.00
1784683451,15149.00,16087.00,-2001.00
1784684351,15149.00,16077.00,-2011.00
1784685251,15149.00,16112.00,-1976.00
1784686151,15149.00,16119.00,-1969.00
1784687051,15149.00,16149.00,-1939.00
1784687951,15149.00,16257.00,-1831.00
1784688851,15149.00,16232.00,-1856.00
1784689751,15149.00,16158.00,-1930.00
1784690651,15149.00,16153.00,-1935.00
1784691551,15149.00,16215.00,-1873.00
1784692451,15149.00,16132.00,-1956.00
1784693351,15149.00,16109.00,-1979.00
1784694251,15149.00,16057.00,-2031.00
1784695151,15149.00,16100.00,-1988.00
1784696051,15149.00,16101.00,-1987.00
1784696951,15149.00,16100.00,-1988.00
1784697851,15149.00,16137.00,-1951.00
1784698751,15149.00,16112.00,-1976.00
1784699651,15149.00,16129.00,-1959.00
1784700551,15149.00,16316.00,-1772.00
1784701451,15149.00,16322.00,-1766.00
1784702351,15149.00,16186.00,-1902.00
1784703251,15149.00,16192.00,-1896.00
1784704151,15149.00,16275.00,-1813.00
1784705051,15149.00,16219.00,-1869.00
1784705952,15245.00,16828.00,-1356.00
1784706852,15245.00,16871.00,-1313.00
1784707752,15251.00,16704.00,-1486.00
1784708652,15253.00,16616.00,-1576.00
1784709552,15253.00,16758.00,-1434.00
1784710452,15253.00,16732.00,-1460.00
1784711352,15253.00,16830.00,-1362.00
1784712252,15253.00,16802.00,-1390.00
1784713152,15253.00,16773.00,-1419.00
1784714052,15253.00,16678.00,-1514.00
1784714952,15253.00,16642.00,-1550.00
1784715852,15253.00,16669.00,-1523.00
1784716752,15253.00,16747.00,-1445.00
1784717652,15253.00,16665.00,-1527.00
1784718552,15253.00,16763.00,-1429.00
1784719452,15253.00,16729.00,-1463.00
1784720352,15253.00,16709.00,-1483.00
1784721252,15253.00,16643.00,-1549.00
1784722152,15253.00,16634.00,-1558.00
1784723052,15253.00,16652.00,-1540.00
1784723952,15253.00,16676.00,-1516.00
1784724852,15253.00,16633.00,-1559.00
1784725752,15253.00,16609.00,-1583.00
1784726652,15253.00,16641.00,-1551.00
1784727552,15253.00,16725.00,-1467.00
1784728452,15253.00,16685.00,-1507.00
1784729352,15253.00,16649.00,-1543.00
1784730252,15253.00,16672.00,-1520.00
1784731152,15253.00,16647.00,-1545.00
1784732052,15253.00,16641.00,-1551.00
1784732952,15253.00,16601.00,-1591.00
1784733852,15253.00,16565.00,-1627.00
1784734752,15253.00,16537.00,-1655.00
1784735652,15253.00,16596.00,-1596.00
1784736552,15253.00,16596.00,-1596.00
1784737452,15253.00,16570.00,-1622.00
1784738352,15253.00,16568.00,-1624.00
1784739252,15253.00,16579.00,-1613.00
1784740152,15253.00,16536.00,-1656.00
1784741052,15253.00,16517.00,-1675.00
1784741952,15253.00,16459.00,-1733.00
1784742852,15255.00,16468.00,-1726.00
1784743752,15255.00,16471.00,-1723.00
1784744652,15255.00,16522.00,-1672.00
1784745552,15255.00,16550.00,-1644.00
1784746452,15255.00,16538.00,-1656.00
1784747352,15255.00,16523.00,-1671.00
1784748252,15255.00,16508.00,-1686.00
1784749153,15255.00,16485.00,-1709.00
1784750053,15255.00,16481.00,-1713.00
1784750953,15255.00,16503.00,-1691.00
1784751853,15255.00,16481.00,-1713.00
1784752753,15255.00,16483.00,-1711.00
1784753653,15255.00,16460.00,-1734.00
1784754553,15255.00,16270.00,-1924.00
1784755453,15255.00,16295.00,-1899.00
1784756353,15255.00,16324.00,-1870.00
1784757253,15255.00,16324.00,-1870.00
1784758153,15255.00,16379.00,-1815.00
1784759053,15255.00,16396.00,-1798.00
1784759953,15255.00,16344.00,-1850.00
1784760853,15255.00,16374.00,-1820.00
1784761753,15255.00,16374.00,-1820.00
1784762653,15255.00,16379.00,-1815.00
1784763553,15255.00,16395.00,-1799.00
1784764453,15255.00,16379.00,-1815.00
1784765353,15255.00,16421.00,-1773.00
1784766253,15255.00,16417.00,-1777.00
1784767153,15255.00,16403.00,-1791.00
1784768053,15255.00,16345.00,-1849.00
1784768953,15255.00,16467.00,-1727.00
1784769853,15255.00,16463.00,-1731.00
1784770753,15255.00,16552.00,-1642.00
1784771653,15255.00,16489.00,-1705.00
1784772553,15255.00,16475.00,-1719.00
1784773453,15255.00,16486.00,-1708.00
1784774353,15255.00,16426.00,-1768.00
1784775253,15255.00,16454.00,-1740.00
1784776153,15255.00,16449.00,-1745.00
1784777053,15255.00,16475.00,-1719.00
1784777953,15255.00,16489.00,-1705.00
1784778853,15255.00,16507.00,-1687.00
1784779753,15255.00,16532.00,-1662.00
1784780653,15255.00,16489.00,-1705.00
1784781553,15255.00,16489.00,-1705.00
1784782453,15255.00,16461.00,-1733.00
1784783353,15255.00,16436.00,-1758.00
1784784253,15255.00,16394.00,-1800.00
1784785153,15255.00,16454.00,-1740.00
1784786053,15255.00,16410.00,-1784.00
1784786953,15255.00,16404.00,-1790.00
1784787853,15255.00,16431.00,-1763.00
1784788753,15255.00,16424.00,-1770.00
1784789653,15255.00,16399.00,-1795.00
1784790553,15255.00,16307.00,-1887.00
1784791453,15255.00,16308.00,-1886.00
1784792354,15255.00,16236.00,-1958.00
1784793254,15264.00,15721.00,-2482.00
1784794154,15264.00,15885.00,-2318.00
1784795054,15271.00,15756.00,-2454.00
1784795954,15271.00,15705.00,-2505.00
1784796854,15274.00,15813.00,-2400.00
1784797754,15274.00,15919.00,-2294.00
1784798654,15274.00,15812.00,-2401.00
1784799554,15274.00,15856.00,-2357.00
1784800454,15274.00,15848.00,-2365.00
1784801354,15274.00,15800.00,-2413.00
1784802254,15274.00,15841.00,-2372.00
1784803154,15274.00,15813.00,-2400.00
1784804054,15274.00,15821.00,-2392.00
1784804954,15274.00,15822.00,-2391.00
1784805854,15274.00,15743.00,-2470.00
1784806754,15277.00,15439.00,-2777.00
1784807654,15280.00,15599.00,-2620.00
1784808554,15280.00,15583.00,-2636.00
1784809454,15280.00,15288.00,-2931.00
1784810354,15290.00,14885.00,-3344.00
1784811254,15293.00,14784.00,-3448.00
1784812154,15295.00,14410.00,-3824.00
1784813054,15295.00,14285.00,-3949.00
1784813954,15295.00,14453.00,-3781.00
1784814854,15297.00,13972.00,-4264.00
1784815754,15300.00,13637.00,-4602.00
1784816654,15300.00,13652.00,-4587.00
1784817554,15300.00,13798.00,-4441.00
1784818454,15300.00,13587.00,-4652.00
1784819354,15302.00,13890.00,-4351.00
1784820254,15302.00,14208.00,-4033.00
1784821154,15302.00,14350.00,-3891.00
1784822054,15302.00,14374.00,-3867.00
1784822954,15302.00,14320.00,-3921.00
1784823854,15302.00,14498.00,-3743.00
1784824754,15302.00,14560.00,-3681.00
1784825654,15302.00,14671.00,-3570.00
1784826554,15302.00,14675.00,-3566.00
1784827454,15302.00,14605.00,-3636.00
1784828354,15302.00,14459.00,-3782.00
1784829254,15302.00,14364.00,-3877.00
1784830154,15302.00,14324.00,-3917.00
1784831054,15302.00,14410.00,-3831.00
1784831954,15302.00,14381.00,-3860.00
1784832854,15302.00,14393.00,-3848.00
1784833755,15302.00,14398.00,-3843.00
1784834714,15302.00,14282.00,-3959.00
1784835615,15302.00,14323.00,-3918.00
1784836515,15302.00,14250.00,-3991.00
1784837415,15302.00,14410.00,-3831.00
1784838315,15302.00,14208.00,-4033.00
1784839215,15302.00,14068.00,-4173.00
1784840115,15302.00,14064.00,-4177.00
1784841015,15302.00,13537.00,-4704.00
1784841915,15302.00,13815.00,-4426.00
1784842815,15302.00,13897.00,-4344.00
1784843715,15302.00,14078.00,-4163.00
1784844615,15302.00,14035.00,-4206.00
1784845515,15302.00,14035.00,-4206.00
1784846415,15302.00,14061.00,-4180.00
1784847315,15302.00,13962.00,-4279.00
1784848215,15302.00,13979.00,-4262.00
1784849115,15302.00,14084.00,-4157.00
1784850015,15302.00,14089.00,-4152.00
1784850915,15302.00,13903.00,-4338.00
1784851815,15302.00,14084.00,-4157.00
1784852715,15302.00,14033.00,-4208.00
1784853615,15302.00,13722.00,-4519.00
1784854515,15302.00,13674.00,-4567.00
1784855415,15302.00,14075.00,-4166.00
1784856315,15302.00,14179.00,-4062.00
1784857215,15302.00,14547.00,-3694.00
1784858115,15302.00,14496.00,-3745.00
1784859015,15302.00,14322.00,-3919.00
1784859915,15302.00,14423.00,-3818.00
1784860815,15302.00,14520.00,-3721.00
1784861715,15302.00,14397.00,-3844.00
1784862615,15302.00,14262.00,-3979.00
1784863515,15302.00,13950.00,-4291.00
1784864415,15302.00,14089.00,-4152.00
1784865315,15302.00,14199.00,-4042.00
1784866215,15302.00,14238.00,-4003.00
1784867115,15302.00,14097.00,-4144.00
1784868015,15302.00,14158.00,-4083.00
1784868915,15302.00,14027.00,-4214.00
1784869815,15302.00,14148.00,-4093.00
1784870715,15302.00,14238.00,-4003.00
1784871615,15302.00,14179.00,-4062.00
1784872515,15302.00,14022.00,-4219.00
1784873415,15302.00,14231.00,-4010.00
1784874315,15302.00,14311.00,-3930.00
1784875215,15302.00,14327.00,-3914.00
1784876115,15302.00,14291.00,-3950.00
1784877015,15315.00,14861.00,-3393.00
1784877915,15315.00,14766.00,-3488.00
1784878816,15315.00,14578.00,-3676.00
1784879716,15315.00,14619.00,-3635.00
1784880616,15315.00,14585.00,-3669.00
1784881516,15315.00,14608.00,-3646.00
1784882416,15315.00,14657.00,-3597.00
1784883316,15315.00,14557.00,-3697.00
1784884216,15315.00,14710.00,-3544.00
1784885116,15315.00,14716.00,-3538.00
1784886016,15315.00,14645.00,-3609.00
1784886916,15315.00,14819.00,-3435.00
1784887816,15315.00,14742.00,-3512.00
1784888716,15315.00,14766.00,-3488.00
1784889616,15315.00,14660.00,-3594.00
1784890516,15315.00,14481.00,-3773.00
1784891416,15315.00,14565.00,-3689.00
1784892316,15315.00,14565.00,-3689.00
1784893216,15315.00,14474.00,-3780.00
1784894116,15315.00,14374.00,-3880.00
1784895016,15315.00,14410.00,-3844.00
1784895916,15315.00,14357.00,-3897.00
1784896816,15315.00,14410.00,-3844.00
1784897716,15315.00,14325.00,-3929.00
1784898616,15315.00,14201.00,-4053.00
1784899516,15315.00,14272.00,-3982.00
1784900416,15315.00,14342.00,-3912.00
1784901316,15315.00,14333.00,-3921.00
1784902216,15315.00,14416.00,-3838.00
1784903116,15315.00,14519.00,-3735.00
1784904016,15315.00,14533.00,-3721.00
1784904916,15315.00,14766.00,-3488.00
1784905816,15315.00,14752.00,-3502.00
1784906716,15315.00,14868.00,-3386.00
1784907616,15315.00,14830.00,-3424.00
1784908516,15315.00,14730.00,-3524.00
1784909416,15315.00,14780.00,-3474.00
1784910316,15315.00,14709.00,-3545.00
1784911216,15315.00,14660.00,-3594.00
1784912116,15315.00,14615.00,-3635.00
1784913016,15315.00,14421.00,-3833.00
1784913916,15315.00,14386.00,-3868.00
1784914816,15315.00,14365.00,-3889.00
1784915716,15315.00,14382.00,-3872.00
1784916616,15315.00,14427.00,-3827.00
1784917516,15315.00,14396.00,-3858.00
1784918416,15315.00,14290.00,-3964.00
1784919316,15315.00,14336.00,-3918.00
1784920216,15315.00,14396.00,-3858.00
1784921116,15315.00,14325.00,-3929.00
1784922017,15315.00,14424.00,-3830.00
1784922917,15315.00,14348.00,-3906.00
1784923817,15315.00,14301.00,-3953.00
1784924717,15315.00,14284.00,-3970.00
1784925617,15315.00,14272.00,-3982.00
1784926517,15315.00,14232.00,-4022.00
1784927417,15315.00,14159.00,-4095.00
1784928317,15315.00,14159.00,-4095.00
1784929217,15315.00,14159.00,-4095.00
1784930117,15315.00,14159.00,-4095.00
1784931017,15315.00,14159.00,-4095.00
1784931917,15315.00,14159.00,-4095.00
1784932817,15315.00,14159.00,-4095.00
1784933717,15315.00,14159.00,-4095.00
1784934617,15315.00,14159.00,-4095.00
1784935517,15315.00,14159.00,-4095.00
1784936417,15315.00,14159.00,-4095.00
1784937317,15315.00,14159.00,-4095.00
1784938217,15315.00,14159.00,-4095.00
1784939117,15315.00,14159.00,-4095.00
1784940017,15315.00,14159.00,-4095.00
1784940917,15315.00,14159.00,-4095.00
1784941817,15315.00,14159.00,-4095.00
1784942717,15315.00,14159.00,-4095.00
1784943617,15315.00,14159.00,-4095.00
1784944517,15315.00,14159.00,-4095.00
1784945417,15315.00,14159.00,-4095.00
1784946317,15315.00,14159.00,-4095.00
1784947217,15315.00,14159.00,-4095.00
1784948117,15315.00,14159.00,-4095.00
1784949017,15315.00,14159.00,-4095.00
1784949917,15315.00,14159.00,-4095.00
1784950817,15315.00,14159.00,-4095.00
1784951717,15315.00,14159.00,-4095.00
1784952617,15315.00,14159.00,-4095.00
1784953517,15315.00,14159.00,-4095.00
1784954417,15315.00,14159.00,-4095.00
1784955317,15315.00,14159.00,-4095.00
1784956217,15315.00,14159.00,-4095.00
1784957117,15315.00,14159.00,-4095.00
1784958017,15315.00,14159.00,-4095.00
1784958917,15315.00,14159.00,-4095.00
1784959817,15315.00,14159.00,-4095.00
1784960717,15315.00,14159.00,-4095.00
1784961617,15315.00,14159.00,-4095.00
1784962517,15315.00,14159.00,-4095.00
1784963417,15315.00,14159.00,-4095.00
1784964317,15315.00,14159.00,-4095.00
1784965218,15315.00,14159.00,-4095.00
1784966118,15315.00,14159.00,-4095.00
1784967018,15315.00,14159.00,-4095.00
1784967918,15315.00,14159.00,-4095.00
1784968818,15315.00,14159.00,-4095.00
1784969718,15315.00,14159.00,-4095.00
1784970618,15315.00,14159.00,-4095.00
1784971518,15315.00,14159.00,-4095.00
1784972418,15315.00,14159.00,-4095.00
1784973318,15315.00,14159.00,-4095.00
1784974218,15315.00,14159.00,-4095.00
1784975118,15315.00,14159.00,-4095.00
1784976018,15315.00,14159.00,-4095.00
1784976918,15315.00,14159.00,-4095.00
1784977818,15315.00,14159.00,-4095.00
1784978718,15315.00,14159.00,-4095.00
1784979618,15315.00,14159.00,-4095.00
1784980518,15315.00,14159.00,-4095.00
1784981418,15315.00,14159.00,-4095.00
1784982318,15315.00,14159.00,-4095.00
1784983218,15315.00,14159.00,-4095.00
1784984118,15315.00,14159.00,-4095.00
1784985018,15315.00,14159.00,-4095.00
1784985918,15315.00,14159.00,-4095.00
1784986818,15315.00,14159.00,-4095.00
1784987718,15315.00,14159.00,-4095.00
1784988618,15315.00,14159.00,-4095.00
1784989518,15315.00,14159.00,-4095.00
1784990418,15315.00,14159.00,-4095.00
1784991318,15315.00,14159.00,-4095.00
1784992218,15315.00,14159.00,-4095.00
1784993118,15315.00,14159.00,-4095.00
1784994018,15315.00,14159.00,-4095.00
1784994918,15315.00,14159.00,-4095.00
1784995818,15315.00,14159.00,-4095.00
1784996718,15315.00,14159.00,-4095.00
1784997618,15315.00,14159.00,-4095.00
1784998518,15315.00,14159.00,-4095.00
1784999418,15315.00,14159.00,-4095.00
1785000318,15315.00,14159.00,-4095.00
1785001218,15315.00,14159.00,-4095.00
1785002118,15315.00,14159.00,-4095.00
1785003018,15315.00,14159.00,-4095.00
1785003918,15315.00,14159.00,-4095.00
1785004818,15315.00,14159.00,-4095.00
1785005718,15315.00,14159.00,-4095.00
1785006618,15315.00,14159.00,-4095.00
1785007519,15315.00,14159.00,-4095.00
1785008419,15315.00,14159.00,-4095.00
1785009319,15315.00,14159.00,-4095.00
1785010219,15315.00,14159.00,-4095.00
1785011119,15315.00,14159.00,-4095.00
1785012019,15315.00,14159.00,-4095.00
1785012919,15315.00,14159.00,-4095.00
1785013819,15315.00,14159.00,-4095.00
1785014719,15315.00,14159.00,-4095.00
1785015619,15315.00,14159.00,-4095.00
1785016519,15315.00,14159.00,-4095.00
1785017419,15315.00,14159.00,-4095.00
1785018319,15315.00,14159.00,-4095.00
1785019219,15315.00,14159.00,-4095.00
1785020119,15315.00,14159.00,-4095.00
1785021019,15315.00,14159.00,-4095.00
1785021919,15315.00,14159.00,-4095.00
1785022819,15315.00,14159.00,-4095.00
1785023719,15315.00,14159.00,-4095.00
1785024619,15315.00,14159.00,-4095.00
1785025519,15315.00,14159.00,-4095.00
1785026419,15315.00,14159.00,-4095.00
1785027319,15315.00,14159.00,-4095.00
1785028219,15315.00,14159.00,-4095.00
1785029119,15315.00,14159.00,-4095.00
1785030019,15315.00,14159.00,-4095.00
1785030919,15315.00,14159.00,-4095.00
1785031819,15315.00,14159.00,-4095.00
1785032719,15315.00,14159.00,-4095.00
1785033619,15315.00,14159.00,-4095.00
1785034519,15315.00,14159.00,-4095.00
1785035419,15315.00,14159.00,-4095.00
1785036319,15315.00,14159.00,-4095.00
1785037219,15315.00,14159.00,-4095.00
1785038119,15315.00,14159.00,-4095.00
1785039019,15315.00,14159.00,-4095.00
1785039919,15315.00,14159.00,-4095.00
1785040819,15315.00,14159.00,-4095.00
1785041719,15315.00,14159.00,-4095.00
1785042619,15315.00,14159.00,-4095.00
1785043519,15315.00,14159.00,-4095.00
1785044419,15315.00,14159.00,-4095.00
1785045319,15315.00,14159.00,-4095.00
1785046219,15315.00,14159.00,-4095.00
1785047119,15315.00,14159.00,-4095.00
1785048019,15315.00,14159.00,-4095.00
1785048919,15315.00,14159.00,-4095.00
1785049820,15315.00,14159.00,-4095.00
1785050720,15315.00,14159.00,-4095.00
1785051620,15315.00,14159.00,-4095.00
1785052520,15315.00,14159.00,-4095.00
1785053420,15315.00,14159.00,-4095.00
1785054320,15315.00,14159.00,-4095.00
1785055220,15315.00,14159.00,-4095.00
1785056120,15315.00,14159.00,-4095.00
1785057020,15315.00,14159.00,-4095.00
1785057920,15315.00,14159.00,-4095.00
1785058820,15315.00,14159.00,-4095.00
1785059720,15315.00,14159.00,-4095.00
1785060620,15315.00,14159.00,-4095.00
1785061520,15315.00,14159.00,-4095.00
1785062420,15315.00,14159.00,-4095.00
1785063320,15315.00,14159.00,-4095.00
1785064220,15315.00,14159.00,-4095.00
1785065120,15315.00,14159.00,-4095.00
1785066020,15315.00,14159.00,-4095.00
1785066920,15315.00,14159.00,-4095.00
1785067820,15315.00,14159.00,-4095.00
1785068720,15315.00,14159.00,-4095.00
1785069620,15315.00,14159.00,-4095.00
1785070520,15315.00,14159.00,-4095.00
1785071420,15315.00,14159.00,-4095.00
1785072320,15315.00,14159.00,-4095.00
1785073220,15315.00,14159.00,-4095.00
1785074120,15315.00,14159.00,-4095.00
1785075020,15315.00,14159.00,-4095.00
1785075920,15315.00,14159.00,-4095.00
1785076820,15315.00,14159.00,-4095.00
1785077720,15315.00,14159.00,-4095.00
1785078620,15315.00,14159.00,-4095.00
1785079520,15315.00,14159.00,-4095.00
1785080420,15315.00,14159.00,-4095.00
1785081320,15315.00,14159.00,-4095.00
1785082220,15315.00,14159.00,-4095.00
1785083120,15315.00,14159.00,-4095.00
1785084020,15315.00,14159.00,-4095.00
1785084920,15315.00,14159.00,-4095.00
1785085820,15315.00,14159.00,-4095.00
1785086720,15315.00,14159.00,-4095.00
1785087620,15315.00,14159.00,-4095.00
1785088520,15315.00,14159.00,-4095.00
1785089420,15315.00,14159.00,-4095.00
1785090320,15315.00,14159.00,-4095.00
1785091220,15315.00,14159.00,-4095.00
1785092120,15315.00,14159.00,-4095.00
1785093021,15315.00,14159.00,-4095.00
1785093921,15315.00,14159.00,-4095.00
1785094821,15315.00,14159.00,-4095.00
1785095721,15315.00,14159.00,-4095.00
1785096621,15315.00,14159.00,-4095.00
1785097521,15315.00,14159.00,-4095.00
1785098421,15315.00,14159.00,-4095.00
1785099321,15315.00,14159.00,-4095.00
1785100221,15315.00,14823.00,-3431.00
1785101121,15315.00,14743.00,-3511.00
1785102021,15315.00,14720.00,-3534.00
1785102921,15315.00,14835.00,-3419.00
1785103821,15315.00,15048.00,-3206.00
1785104721,15315.00,14765.00,-3489.00
1785105621,15315.00,14737.00,-3517.00
1785106521,15315.00,14750.00,-3504.00
1785107421,15315.00,14778.00,-3476.00
1785108321,15315.00,14782.00,-3472.00
1785109221,15315.00,14861.00,-3393.00
1785110121,15315.00,14883.00,-3371.00
1785111021,15315.00,15158.00,-3096.00
1785111921,15315.00,15215.00,-3039.00
1785112821,15315.00,15124.00,-3130.00
1785113721,15315.00,15025.00,-3229.00
1785114621,15315.00,15152.00,-3102.00
1785115521,15315.00,15199.00,-3055.00
1785116421,15315.00,15172.00,-3082.00
1785117321,15315.00,15255.00,-2999.00
1785118221,15315.00,15362.00,-2892.00
1785119121,15315.00,15350.00,-2904.00
1785120021,15315.00,15366.00,-2888.00
1785120921,15315.00,15208.00,-3046.00
1785121821,15315.00,15166.00,-3088.00
1785122721,15315.00,15086.00,-3168.00
1785123621,15315.00,15074.00,-3180.00
1785124521,15315.00,15174.00,-3080.00
1785125421,15315.00,15208.00,-3046.00
1785126321,15315.00,15213.00,-3041.00
1785127221,15315.00,15128.00,-3126.00
1785128121,15315.00,15130.00,-3124.00
1785129021,15315.00,15193.00,-3061.00
1785129921,15315.00,15152.00,-3102.00
1785130821,15315.00,15180.00,-3074.00
1785131721,15315.00,15124.00,-3130.00
1785132621,15315.00,15244.00,-3010.00
1785133521,15315.00,15238.00,-3016.00
1785134421,15315.00,15255.00,-2999.00
1785135321,15315.00,15301.00,-2953.00
1785136222,15315.00,15387.00,-2867.00
1785137122,15315.00,15806.00,-2448.00
1785138022,15368.00,15626.00,-2681.00
1785138922,15368.00,15557.00,-2750.00
1785139822,15368.00,15483.00,-2824.00
1785140722,15368.00,15419.00,-2888.00
1785141622,15368.00,15412.00,-2895.00
1785142522,15368.00,15463.00,-2844.00
1785143422,15368.00,15479.00,-2828.00
1785144322,15369.00,15368.00,-2940.00
1785145222,15369.00,15350.00,-2958.00
1785146122,15369.00,15472.00,-2836.00
1785147022,15369.00,15342.00,-2966.00
1785147922,15369.00,15407.00,-2901.00
1785148822,15369.00,15343.00,-2965.00
1785149722,15369.00,15350.00,-2958.00
1785150622,15369.00,15175.00,-3133.00
1785151522,15369.00,15175.00,-3133.00
1785152422,15369.00,15251.00,-3057.00
1785153322,15369.00,15170.00,-3138.00
1785154222,15369.00,15159.00,-3149.00
1785155122,15369.00,15072.00,-3236.00
1785156022,15369.00,14957.00,-3351.00
1785156922,15369.00,15006.00,-3302.00
1785157822,15369.00,15011.00,-3297.00
1785158722,15369.00,15003.00,-3305.00
1785159622,15369.00,14919.00,-3389.00
1785160522,15378.00,14874.00,-3443.00
1785161422,15378.00,14841.00,-3476.00
1785162322,15378.00,14824.00,-3493.00
1785163222,15378.00,14863.00,-3454.00
1785164122,15378.00,14757.00,-3560.00
1785165022,15378.00,14915.00,-3402.00
1785165922,15378.00,15064.00,-3253.00
1785166822,15378.00,15015.00,-3302.00
1785167722,15378.00,15010.00,-3307.00
1785168622,15378.00,14941.00,-3376.00
1785169522,15378.00,15147.00,-3170.00
1785170422,15378.00,15292.00,-3025.00
1785171322,15378.00,15120.00,-3197.00
1785172222,15378.00,15010.00,-3307.00
1785173122,15378.00,14915.00,-3402.00
1785174022,15378.00,14915.00,-3402.00
1785174922,15378.00,14879.00,-3438.00
1785175822,15378.00,14925.00,-3392.00
1785176722,15378.00,14847.00,-3470.00
1785177622,15378.00,14812.00,-3505.00
1785178522,15378.00,14797.00,-3520.00
1785179423,15380.00,14767.00,-3552.00
1785180323,15380.00,14810.00,-3509.00
1785181223,15380.00,14952.00,-3367.00
1785182123,15380.00,14851.00,-3468.00
1785183023,15380.00,14815.00,-3504.00
1785183923,15380.00,14843.00,-3476.00
1785184823,15380.00,14760.00,-3559.00
1785185723,15380.00,14789.00,-3530.00
1785186623,15380.00,14612.00,-3707.00
1785187523,15380.00,14631.00,-3688.00
1785188423,15380.00,14637.00,-3682.00
1785189323,15380.00,14636.00,-3683.00
1785190223,15380.00,14694.00,-3625.00
1785191123,15380.00,14658.00,-3661.00
1785192023,15380.00,14682.00,-3637.00
1785192923,15380.00,14678.00,-3641.00
1785193823,15380.00,14757.00,-3562.00
1785194723,15380.00,14726.00,-3593.00
1785195623,15380.00,14682.00,-3637.00
1785196523,15380.00,14591.00,-3728.00
1785197423,15380.00,14441.00,-3878.00
1785198323,15380.00,14599.00,-3720.00
1785199223,15380.00,14627.00,-3692.00
1785200123,15380.00,14561.00,-3758.00
1785201023,15380.00,14764.00,-3555.00
1785201923,15380.00,14743.00,-3576.00
1785202823,15380.00,14704.00,-3615.00
1785203723,15380.00,14640.00,-3679.00
1785204623,15380.00,14611.00,-3708.00
1785205523,15380.00,14689.00,-3630.00
1785209744,15380.00,14844.00,-3475.00
1785210644,15380.00,14707.00,-3612.00
1785211544,15380.00,14674.00,-3645.00
1785212444,15380.00,14681.00,-3638.00
1785213344,15380.00,14640.00,-3679.00
1785214244,15380.00,14759.00,-3560.00
1785215144,15380.00,14743.00,-3576.00
1785216044,15380.00,14696.00,-3623.00
1785216944,15380.00,14802.00,-3517.00
1785217844,15380.00,14707.00,-3612.00
1785218744,15380.00,14800.00,-3519.00
1785219644,15380.00,14919.00,-3400.00
1785220544,15380.00,14954.00,-3365.00
1785221444,15380.00,14968.00,-3351.00
1785222344,15380.00,14808.00,-3511.00
1785223244,15380.00,14767.00,-3552.00
1785224144,15380.00,14743.00,-3576.00
1785225044,15380.00,14555.00,-3764.00
1785225944,15380.00,14640.00,-3679.00
1785226844,15380.00,14441.00,-3878.00
1785227744,15380.00,14396.00,-3923.00
1785228644,15380.00,14448.00,-3871.00
1785229544,15380.00,14467.00,-3852.00
1785230444,15380.00,14452.00,-3867.00
1785231344,15383.00,14331.00,-3991.00
1785232244,15383.00,14300.00,-4022.00
1785233144,15383.00,14128.00,-4194.00
1785234044,15385.00,13969.00,-4355.00
1785234944,15385.00,13965.00,-4359.00
1785235844,15385.00,13890.00,-4434.00
1785236744,15385.00,13977.00,-4347.00
1785237645,15385.00,13977.00,-4347.00
1785238605,15385.00,13965.00,-4359.00
1785239505,15385.00,13928.00,-4396.00
1785240405,15385.00,13958.00,-4366.00
1785241305,15385.00,14019.00,-4305.00
1785242205,15385.00,14141.00,-4183.00
1785243105,15385.00,14205.00,-4119.00
1785244005,15385.00,14235.00,-4089.00
1785244905,15385.00,14319.00,-4005.00
1785245805,15385.00,14243.00,-4081.00
1785246705,15385.00,14329.00,-3995.00
1785247605,15385.00,14366.00,-3958.00
1785248505,15385.00,14267.00,-4057.00
1785249405,15385.00,14274.00,-4050.00
1785250305,15385.00,14210.00,-4114.00
1785251205,15385.00,14383.00,-3941.00
1785252105,15385.00,14984.00,-3340.00
1785253005,15385.00,14984.00,-3340.00
1785253905,15385.00,14958.00,-3366.00
1785254805,15385.00,15031.00,-3293.00
1785255705,15385.00,15143.00,-3181.00
1785256605,15385.00,15009.00,-3315.00
1785257505,15385.00,14791.00,-3533.00
1785258405,15385.00,14813.00,-3511.00
1785259305,15385.00,14689.00,-3635.00
1785260205,15385.00,14673.00,-3651.00
1785261105,15385.00,14570.00,-3754.00
1785262005,15385.00,14495.00,-3829.00
1785262905,15385.00,14556.00,-3768.00
1785263805,15385.00,14450.00,-3874.00
1785264705,15385.00,14326.00,-3998.00
1785265605,15385.00,14373.00,-3951.00
1785266505,15385.00,14382.00,-3942.00
1785267405,15385.00,14373.00,-3951.00
1785268305,15385.00,14353.00,-3971.00
1785269205,15385.00,14231.00,-4093.00
1785270105,15385.00,14252.00,-4072.00
1785271005,15385.00,14242.00,-4082.00
1785271905,15392.00,14304.00,-4027.00
1785272805,15392.00,14173.00,-4158.00
1785273705,15392.00,14145.00,-4186.00
1785274605,15392.00,14313.00,-4018.00
1785275506,15392.00,14202.00,-4129.00
1785276406,15392.00,14243.00,-4088.00
1785277306,15392.00,14116.00,-4215.00
1785278206,15392.00,14141.00,-4190.00
1785279106,15392.00,14108.00,-4223.00
1785280006,15392.00,14164.00,-4167.00
1785280906,15392.00,14091.00,-4240.00
1785281806,15392.00,14110.00,-4221.00
1785282706,15392.00,14116.00,-4215.00
1785283606,15392.00,14054.00,-4277.00
1785284506,15392.00,14276.00,-4055.00
1785285406,15392.00,14331.00,-4000.00
1785286306,15392.00,14542.00,-3789.00
1785287206,15392.00,14717.00,-3614.00
1785288106,15392.00,14735.00,-3596.00
1785289006,15392.00,14602.00,-3729.00
1785289906,15392.00,14597.00,-3734.00
1785290806,15392.00,14835.00,-3496.00
1785291706,15392.00,14797.00,-3534.00
1785292606,15392.00,14849.00,-3482.00
1785293506,15392.00,14731.00,-3600.00
1785294406,15392.00,14868.00,-3463.00
1785295306,15392.00,14839.00,-3492.00
1785296206,15392.00,15017.00,-3314.00
1785297106,15411.00,15279.00,-3071.00
1785298006,15411.00,15245.00,-3105.00
1785298906,15411.00,15429.00,-2921.00
1785299806,15411.00,15730.00,-2620.00
1785300706,15411.00,15639.00,-2711.00
1785301606,15411.00,15786.00,-2564.00
1785302506,15411.00,15847.00,-2503.00
1785303406,15411.00,15642.00,-2708.00
1785304306,15411.00,15744.00,-2606.00
1785305206,15411.00,15501.00,-2849.00
1785306106,15411.00,15571.00,-2779.00
1785307006,15411.00,15412.00,-2938.00
1785307906,15411.00,15521.00,-2829.00
1785308806,15411.00,15438.00,-2912.00
1785309706,15411.00,15494.00,-2856.00
1785310606,15411.00,15273.00,-3077.00
1785311506,15411.00,15190.00,-3160.00
1785312407,15411.00,15110.00,-3240.00
1785313307,15411.00,15234.00,-3116.00
1785314207,15411.00,15243.00,-3107.00
1785315107,15411.00,15385.00,-2965.00
1785316007,15411.00,15352.00,-2998.00
1785316907,15411.00,15385.00,-2965.00
1785317807,15411.00,15510.00,-2840.00
1785318707,15411.00,15309.00,-3041.00
1785319607,15411.00,15202.00,-3148.00
1785320507,15411.00,15169.00,-3181.00
1785321407,15411.00,15085.00,-3265.00
1785322307,15411.00,15057.00,-3293.00
1785323207,15411.00,15055.00,-3295.00
1785324107,15411.00,15089.00,-3261.00
1785325007,15411.00,15085.00,-3265.00
1785325907,15411.00,15124.00,-3226.00
1785326807,15411.00,15083.00,-3267.00
1785327707,15422.00,14879.00,-3482.00
1785328607,15422.00,14864.00,-3497.00
1785329507,15422.00,14803.00,-3558.00
1785330407,15422.00,14773.00,-3588.00
1785331307,15422.00,14909.00,-3452.00
1785332207,15422.00,14840.00,-3521.00
1785333107,15422.00,14879.00,-3482.00
1785334007,15422.00,14877.00,-3484.00
1785334907,15422.00,14767.00,-3594.00
1785335807,15422.00,14777.00,-3584.00
1785336707,15425.00,14573.00,-3791.00
1785337607,15425.00,14554.00,-3810.00
1785338507,15425.00,14500.00,-3864.00
1785339407,15425.00,14562.00,-3802.00
1785340307,15425.00,14540.00,-3824.00
1785341207,15425.00,14450.00,-3914.00
1785342107,15428.00,14470.00,-3897.00
1785343007,15428.00,14408.00,-3959.00
1785343907,15428.00,14454.00,-3913.00
1785344807,15428.00,14447.00,-3920.00
1785345707,15428.00,14644.00,-3723.00
1785346607,15428.00,14594.00,-3773.00
1785347508,15428.00,14784.00,-3583.00
1785348467,15575.00,15555.00,-2959.00
1785349368,15575.00,15480.00,-3034.00
1785350268,15575.00,15425.00,-3089.00
1785351168,15575.00,15989.00,-2525.00
1785352068,15575.00,15918.00,-2596.00
1785352968,15575.00,15884.00,-2630.00
1785353868,15575.00,15804.00,-2710.00
1785354768,15575.00,15798.00,-2716.00
1785355668,15575.00,15601.00,-2913.00
1785356568,15575.00,15569.00,-2945.00
1785357468,15575.00,15666.00,-2848.00
1785358368,15575.00,15755.00,-2759.00
1785359268,15575.00,15519.00,-2995.00
1785360168,15575.00,15563.00,-2951.00
1785361068,15575.00,15586.00,-2928.00
1785361968,15575.00,15565.00,-2949.00
1785362868,15575.00,15583.00,-2931.00
1785363768,15575.00,15576.00,-2938.00
1785364668,15575.00,15580.00,-2934.00
1785365568,15575.00,15651.00,-2863.00
1785366468,15575.00,15806.00,-2708.00
1785367368,15575.00,15729.00,-2785.00
1785368268,15575.00,15734.00,-2780.00
1785369168,15575.00,15954.00,-2560.00
1785370068,15575.00,15975.00,-2539.00
1785370968,15575.00,15781.00,-2733.00
1785371868,15589.00,15529.00,-2999.00
1785372768,15589.00,15554.00,-2974.00
1785373668,15589.00,15577.00,-2951.00
1785374568,15589.00,15431.00,-3097.00
1785375468,15589.00,15626.00,-2902.00
1785376368,15589.00,15477.00,-3051.00
1785377268,15589.00,15531.00,-2997.00
1785378168,15589.00,15456.00,-3072.00
1785379068,15589.00,15500.00,-3028.00
1785379968,15589.00,15522.00,-3006.00
1785380868,15589.00,15449.00,-3079.00
1785381768,15589.00,15382.00,-3146.00
1785382668,15589.00,15411.00,-3117.00
1785383568,15589.00,15448.00,-3080.00
1785384468,15589.00,15410.00,-3118.00
1785385369,15589.00,15477.00,-3051.00
1785386269,15589.00,15512.00,-3016.00
1785387169,15589.00,15464.00,-3064.00
1785388069,15589.00,15480.00,-3048.00
1785388969,15589.00,15496.00,-3032.00
1785389869,15589.00,15399.00,-3129.00
1785390769,15589.00,15443.00,-3085.00
1785391669,15589.00,15297.00,-3231.00
1785392569,15589.00,15164.00,-3364.00
1785393469,15589.00,15244.00,-3284.00
1785394369,15589.00,15265.00,-3263.00
1785395269,15589.00,15259.00,-3269.00
1785396169,15589.00,15153.00,-3375.00
1785397069,15596.00,14959.00,-3576.00
1785397969,15596.00,14863.00,-3672.00
1785398869,15599.00,15039.00,-3499.00
1785399769,15599.00,15130.00,-3408.00
1785400669,15599.00,15162.00,-3376.00
1785401569,15599.00,15096.00,-3442.00
1785402469,15599.00,15398.00,-3140.00
1785403369,15678.00,15617.00,-3000.00
1785404269,15678.00,15831.00,-2786.00
1785405169,15678.00,16067.00,-2550.00
1785406069,15678.00,16172.00,-2445.00
1785406969,15739.00,18476.00,-202.00
1785407869,15739.00,18471.00,-207.00
1785408769,15739.00,18484.00,-194.00
1785409669,15739.00,18455.00,-223.00
1785410569,15739.00,18508.00,-170.00
1785411469,15764.00,18526.00,-177.00
1785412369,15764.00,18517.00,-186.00
1785413269,15764.00,18515.00,-188.00
1785414169,15764.00,18515.00,-188.00
1785415069,15768.00,18500.00,-207.00
1785415969,15768.00,18519.00,-188.00
1785416869,15768.00,18511.00,-196.00
1785417769,15768.00,18496.00,-211.00
1785418669,15839.00,18005.00,-773.00
1785419570,15939.00,17456.00,-1422.00
1785420530,15992.00,17013.00,-1918.00
1785421430,16056.00,14459.00,-4536.00
1785422330,16068.00,16592.00,-2415.00
1785423230,16068.00,16790.00,-2217.00
1785424130,16068.00,16139.00,-2868.00
1785425030,16068.00,16710.00,-2297.00
1785425930,16068.00,16611.00,-2396.00
1785426830,16068.00,16713.00,-2294.00
1785427730,16068.00,16684.00,-2323.00
1785428630,16068.00,16680.00,-2327.00
1785429530,16068.00,16788.00,-2219.00
1785430430,16068.00,16969.00,-2038.00
1785431330,16068.00,16950.00,-2057.00
1785432230,16068.00,17149.00,-1858.00
1785433130,16108.00,16200.00,-2847.00
1785434030,16169.00,16515.00,-2593.00
1785434930,16169.00,16412.00,-2696.00
1785435830,16169.00,16515.00,-2593.00
1785436730,16169.00,16495.00,-2613.00
1785437630,16169.00,16467.00,-2641.00
1785438530,16169.00,16571.00,-2537.00
1785439430,16169.00,16681.00,-2427.00
1785440330,16169.00,16924.00,-2184.00
1785441230,16169.00,16911.00,-2197.00
1785442130,16169.00,16880.00,-2228.00
1785443030,16169.00,16985.00,-2123.00
1785443930,16169.00,17036.00,-2072.00
1785444830,16169.00,17113.00,-1995.00
1785445730,16169.00,16920.00,-2188.00
1785446630,16169.00,16992.00,-2116.00
1785447530,16169.00,17057.00,-2051.00
1785448430,16169.00,17114.00,-1994.00
1785449330,16169.00,17096.00,-2012.00
1785450230,16169.00,17271.00,-1837.00
1785451130,16180.00,17019.00,-2100.00
1785452030,16180.00,17223.00,-1896.00
1785452930,16180.00,17192.00,-1927.00
1785453830,16180.00,17355.00,-1764.00
1785454730,16180.00,17644.00,-1475.00
1785455630,16180.00,17664.00,-1455.00
1785456530,16180.00,17818.00,-1301.00
1785457430,16180.00,17680.00,-1439.00
1785458331,16180.00,17858.00,-1261.00
1785459231,16180.00,17922.00,-1197.00
1785460131,16180.00,17938.00,-1181.00
1785461031,16180.00,17890.00,-1229.00
1785461931,16180.00,17948.00,-1171.00
1785462831,16180.00,18010.00,-1109.00
1785463731,16180.00,17966.00,-1153.00
1785464631,16180.00,17952.00,-1167.00
1785465531,16180.00,17928.00,-1191.00
1785466431,16180.00,17897.00,-1222.00
1785467331,16180.00,17946.00,-1173.00
1785468231,16180.00,18059.00,-1060.00
1785469131,16180.00,17996.00,-1123.00
1785470031,16180.00,17962.00,-1157.00
1785470931,16180.00,17973.00,-1146.00
1785471831,16180.00,17988.00,-1131.00
1785472731,16180.00,18016.00,-1103.00
1785473631,16180.00,18041.00,-1078.00
1785474531,16180.00,17969.00,-1150.00
1785475431,16180.00,18002.00,-1117.00
1785476331,16180.00,17988.00,-1131.00
1785477231,16180.00,17972.00,-1147.00
1785478131,16201.00,17841.00,-1299.00
1785479031,16201.00,17852.00,-1288.00
1785479931,16201.00,17827.00,-1313.00
1785480831,16221.00,17709.00,-1451.00
1785481731,16221.00,17890.00,-1270.00
1785482631,16221.00,17904.00,-1256.00
1785483531,16221.00,17943.00,-1217.00
1785484431,16221.00,17849.00,-1311.00
1785485331,16221.00,17888.00,-1272.00
1785486231,16234.00,17828.00,-1345.00
1785487131,16234.00,17798.00,-1375.00
1785488031,16234.00,17786.00,-1387.00
1785488931,16278.00,17063.00,-2154.00
1785489831,16308.00,17613.00,-1634.00
1785490731,16308.00,17780.00,-1467.00
1785491631,16308.00,17789.00,-1458.00
1785492531,16308.00,17800.00,-1447.00
1785493432,16308.00,17915.00,-1332.00
1785494332,16308.00,17834.00,-1413.00
1785495232,16308.00,17853.00,-1394.00
1785496132,16308.00,17870.00,-1377.00
1785497032,16308.00,17960.00,-1287.00
1785497932,16308.00,17966.00,-1281.00
1785498832,16308.00,18016.00,-1231.00
1785499732,16308.00,18001.00,-1246.00
1785500632,16308.00,18077.00,-1170.00
1785501532,16308.00,18110.00,-1137.00
1785502432,16308.00,18089.00,-1158.00
1785503332,16308.00,18111.00,-1136.00
1785504232,16365.00,17914.00,-1390.00
1785505132,16384.00,17458.00,-1865.00
1785506032,16381.00,17635.00,-1685.00
1785506932,16404.00,17459.00,-1884.00
1785507832,16405.00,17437.00,-1907.00
1785508732,16405.00,17678.00,-1666.00
1785509632,16405.00,17553.00,-1791.00
1785510532,16407.00,17137.00,-2209.00
1785511432,16407.00,17474.00,-1872.00
1785512332,16407.00,17406.00,-1940.00
1785513232,16407.00,17374.00,-1972.00
1785514132,16407.00,17452.00,-1894.00
1785515032,16407.00,17452.00,-1894.00
1785515932,16407.00,17411.00,-1935.00
1785516832,16407.00,17442.00,-1904.00
1785517732,16407.00,17639.00,-1707.00
1785518632,16407.00,17641.00,-1705.00
1785519532,16444.00,16582.00,-2801.00
1785520432,16475.00,16292.00,-3122.00
1785521332,16475.00,17014.00,-2400.00
1785522232,16475.00,16870.00,-2544.00
1785523132,16475.00,17068.00,-2346.00
1785524032,16494.00,17303.00,-2130.00
1785524932,16494.00,17247.00,-2186.00
1785525832,16494.00,17315.00,-2118.00
1785526732,16494.00,17483.00,-1950.00
1785527632,16494.00,17320.00,-2113.00
1785528532,16494.00,17321.00,-2112.00
1785529432,16521.00,16290.00,-3170.00
1785530333,16527.00,15983.00,-3483.00
1785531233,16539.00,16071.00,-3407.00
1785532133,16539.00,15595.00,-3883.00
1785533033,16539.00,15595.00,-3883.00
1785533933,16539.00,15595.00,-3883.00
1785534833,16539.00,15595.00,-3883.00
1785535733,16539.00,15595.00,-3883.00
1785536633,16539.00,15595.00,-3883.00
1785537533,16539.00,15595.00,-3883.00
1785538433,16539.00,15595.00,-3883.00
1785539333,16539.00,15595.00,-3883.00
1785540233,16539.00,15595.00,-3883.00
1785541133,16539.00,15595.00,-3883.00
1785542033,16539.00,15595.00,-3883.00
1785542933,16539.00,15595.00,-3883.00
1785543833,16539.00,15595.00,-3883.00
1785544733,16539.00,15595.00,-3883.00
1785545633,16539.00,15595.00,-3883.00
1785546533,16539.00,15595.00,-3883.00
1785547433,16539.00,15595.00,-3883.00
1785548333,16539.00,15595.00,-3883.00
1785549233,16539.00,15595.00,-3883.00
1785550133,16539.00,15595.00,-3883.00
1785551033,16539.00,15595.00,-3883.00
1785551933,16539.00,15595.00,-3883.00
1785552833,16539.00,15595.00,-3883.00
1785553733,16539.00,15595.00,-3883.00
1785554633,16539.00,15595.00,-3883.00
1785555533,16539.00,15595.00,-3883.00
1785556433,16539.00,15595.00,-3883.00
1785557333,16539.00,15595.00,-3883.00
1785558233,16539.00,15595.00,-3883.00
1785559133,16539.00,15595.00,-3883.00
1785560033,16539.00,15595.00,-3883.00
1785560933,16539.00,15595.00,-3883.00
1785561833,16539.00,15595.00,-3883.00
1785562733,16539.00,15595.00,-3883.00
1785563633,16539.00,15595.00,-3883.00
1785564533,16539.00,15595.00,-3883.00
1785565433,16539.00,15595.00,-3883.00
1785566334,16539.00,15595.00,-3883.00
1785567234,16539.00,15595.00,-3883.00
1785568134,16539.00,15595.00,-3883.00
1785569034,16539.00,15595.00,-3883.00
1785569934,16539.00,15595.00,-3883.00
1785570834,16539.00,15595.00,-3883.00
1785571734,16539.00,15595.00,-3883.00
1785572634,16539.00,15595.00,-3883.00
1785573534,16539.00,15595.00,-3883.00
1785574434,16539.00,15595.00,-3883.00
1785575334,16539.00,15595.00,-3883.00
1785576234,16539.00,15595.00,-3883.00
1785577134,16539.00,15595.00,-3883.00
1785578034,16539.00,15595.00,-3883.00
1785578934,16539.00,15595.00,-3883.00
1785579834,16539.00,15595.00,-3883.00
1785580734,16539.00,15595.00,-3883.00
1785581634,16539.00,15595.00,-3883.00
1785582534,16539.00,15595.00,-3883.00
1785583434,16539.00,15595.00,-3883.00
1785584334,16539.00,15595.00,-3883.00
1785585234,16539.00,15595.00,-3883.00
1785586134,16539.00,15595.00,-3883.00
1785587034,16539.00,15595.00,-3883.00
1785587934,16539.00,15595.00,-3883.00
1785588834,16539.00,15595.00,-3883.00
1785589734,16539.00,15595.00,-3883.00
1785590634,16539.00,15595.00,-3883.00
1785591534,16539.00,15595.00,-3883.00
1785592434,16539.00,15595.00,-3883.00
1785593334,16539.00,15595.00,-3883.00
1785594234,16539.00,15595.00,-3883.00
1785595134,16539.00,15595.00,-3883.00
1785596034,16539.00,15595.00,-3883.00
1785596934,16539.00,15595.00,-3883.00
1785597834,16539.00,15595.00,-3883.00
1785598734,16539.00,15595.00,-3883.00
1785599634,16539.00,15595.00,-3883.00
1785600534,16539.00,15595.00,-3883.00
1785601434,16539.00,15595.00,-3883.00
1785602335,16539.00,15595.00,-3883.00
1785603235,16539.00,15595.00,-3883.00
1785604135,16539.00,15595.00,-3883.00
1785605035,16539.00,15595.00,-3883.00
1785605935,16539.00,15595.00,-3883.00
1785606835,16539.00,15595.00,-3883.00
1785607735,16539.00,15595.00,-3883.00
1785608635,16539.00,15595.00,-3883.00
1785609535,16539.00,15595.00,-3883.00
1785610435,16539.00,15595.00,-3883.00
1785611335,16539.00,15595.00,-3883.00
1785612235,16539.00,15595.00,-3883.00
1785613135,16539.00,15595.00,-3883.00
1785614035,16539.00,15595.00,-3883.00
1785614935,16539.00,15595.00,-3883.00
1785615835,16539.00,15595.00,-3883.00
1785616735,16539.00,15595.00,-3883.00
1785617635,16539.00,15595.00,-3883.00
1785618535,16539.00,15595.00,-3883.00
1785619435,16539.00,15595.00,-3883.00
1785620335,16539.00,15595.00,-3883.00
1785621235,16539.00,15595.00,-3883.00
1785622135,16539.00,15595.00,-3883.00
1785623035,16539.00,15595.00,-3883.00
1785623935,16539.00,15595.00,-3883.00
1785624835,16539.00,15595.00,-3883.00
1785625735,16539.00,15595.00,-3883.00
1785626635,16539.00,15595.00,-3883.00
1785627535,16539.00,15595.00,-3883.00
1785628435,16539.00,15595.00,-3883.00
1785629335,16539.00,15595.00,-3883.00
1785630235,16539.00,15595.00,-3883.00
1785631135,16539.00,15595.00,-3883.00
1785632035,16539.00,15595.00,-3883.00
1785632935,16539.00,15595.00,-3883.00
1785633835,16539.00,15595.00,-3883.00
1785634735,16539.00,15595.00,-3883.00
1785635635,16539.00,15595.00,-3883.00
1785636535,16539.00,15595.00,-3883.00
1785637435,16539.00,15595.00,-3883.00
1785638336,16539.00,15595.00,-3883.00
1785639236,16539.00,15595.00,-3883.00
1785640136,16539.00,15595.00,-3883.00
1785641036,16539.00,15595.00,-3883.00
1785641936,16539.00,15595.00,-3883.00
1785642836,16539.00,15595.00,-3883.00
1785643736,16539.00,15595.00,-3883.00
1785644636,16539.00,15595.00,-3883.00
1785645536,16539.00,15595.00,-3883.00
1785646436,16539.00,15595.00,-3883.00
1785647336,16539.00,15595.00,-3883.00
1785648236,16539.00,15595.00,-3883.00
1785649136,16539.00,15595.00,-3883.00
1785650036,16539.00,15595.00,-3883.00
1785650936,16539.00,15595.00,-3883.00
1785651836,16539.00,15595.00,-3883.00
1785652736,16539.00,15595.00,-3883.00
1785653636,16539.00,15595.00,-3883.00
1785654536,16539.00,15595.00,-3883.00
1785655436,16539.00,15595.00,-3883.00
1785656336,16539.00,15595.00,-3883.00
1785657236,16539.00,15595.00,-3883.00
1785658136,16539.00,15595.00,-3883.00
1785659036,16539.00,15595.00,-3883.00
1785659936,16539.00,15595.00,-3883.00
1785660836,16539.00,15595.00,-3883.00
1785661736,16539.00,15595.00,-3883.00
1785662636,16539.00,15595.00,-3883.00
1785663536,16539.00,15595.00,-3883.00
1785664436,16539.00,15595.00,-3883.00
1785665336,16539.00,15595.00,-3883.00
1785666236,16539.00,15595.00,-3883.00
1785667136,16539.00,15595.00,-3883.00
1785668036,16539.00,15595.00,-3883.00
1785668936,16539.00,15595.00,-3883.00
1785669836,16539.00,15595.00,-3883.00
1785670736,16539.00,15595.00,-3883.00
1785671636,16539.00,15595.00,-3883.00
1785672536,16539.00,15595.00,-3883.00
1785673437,16539.00,15595.00,-3883.00
1785674337,16539.00,15595.00,-3883.00
1785675237,16539.00,15595.00,-3883.00
1785676137,16539.00,15595.00,-3883.00
1785677037,16539.00,15595.00,-3883.00
1785677937,16539.00,15595.00,-3883.00
1785678837,16539.00,15595.00,-3883.00
1785679737,16539.00,15595.00,-3883.00
1785680637,16539.00,15595.00,-3883.00
1785681537,16539.00,15595.00,-3883.00
1785682437,16539.00,15595.00,-3883.00
1785683337,16539.00,15595.00,-3883.00
1785684237,16539.00,15595.00,-3883.00
1785685137,16539.00,15595.00,-3883.00
1785686037,16539.00,15595.00,-3883.00
1785686937,16539.00,15595.00,-3883.00
1785687837,16539.00,15595.00,-3883.00
1785688737,16539.00,15595.00,-3883.00
1785689637,16539.00,15595.00,-3883.00
1785690537,16539.00,15595.00,-3883.00
1785691437,16539.00,15595.00,-3883.00
1785692337,16539.00,15595.00,-3883.00
1785693237,16539.00,15595.00,-3883.00
1785694137,16539.00,15595.00,-3883.00
1785695037,16539.00,15595.00,-3883.00
1785695937,16539.00,15595.00,-3883.00
1785696837,16539.00,15595.00,-3883.00
1785697737,16539.00,15595.00,-3883.00
1785698637,16539.00,15595.00,-3883.00
1785699537,16539.00,15595.00,-3883.00
1785700437,16539.00,15595.00,-3883.00
1785701337,16539.00,15595.00,-3883.00
1785702237,16539.00,15595.00,-3883.00
1785703137,16539.00,15595.00,-3883.00
1785704037,16539.00,15595.00,-3883.00
1785704937,16554.00,15188.00,-4305.00
1785705837,16554.00,15332.00,-4161.00
1785706737,16554.00,15425.00,-4068.00
1785707637,16554.00,15441.00,-4052.00
1785708538,16557.00,14720.00,-4776.00
1785709438,16557.00,15368.00,-4128.00
1785710338,16557.00,15162.00,-4334.00
1785711238,16557.00,14908.00,-4588.00
1785712138,16557.00,15269.00,-4227.00
1785713038,16557.00,16059.00,-3437.00
1785713938,16557.00,15872.00,-3624.00
1785714838,16557.00,15869.00,-3627.00
1785715738,16557.00,15869.00,-3627.00
1785716638,16557.00,16005.00,-3491.00
1785717538,16615.00,12688.00,-6866.00
1785718438,16647.00,10834.00,-8752.00
1785719338,16660.00,13050.00,-6549.00
1785720238,16660.00,13201.00,-6398.00
1785721138,16660.00,13783.00,-5816.00
1785722038,16660.00,13543.00,-6056.00
1785722938,16660.00,14169.00,-5430.00
1785723838,16760.00,13966.00,-5733.00
1785724738,16760.00,13568.00,-6131.00
1785725638,16760.00,13946.00,-5753.00
1785726538,16760.00,14085.00,-5614.00
1785727438,16760.00,13995.00,-5704.00
1785728338,16760.00,14087.00,-5612.00
1785729238,16760.00,14127.00,-5572.00
1785730138,16760.00,13871.00,-5828.00
1785731038,16760.00,14045.00,-5654.00
1785731938,16760.00,13855.00,-5844.00
1785732838,16760.00,13990.00,-5709.00
1785733738,16760.00,13863.00,-5836.00
1785734638,16760.00,13989.00,-5710.00
1785735538,16760.00,13825.00,-5874.00
1785736438,16760.00,13871.00,-5828.00
1785737338,16760.00,13835.00,-5864.00
1785738238,16760.00,14165.00,-5534.00
1785739138,16760.00,14453.00,-5246.00
1785740038,16760.00,14647.00,-5052.00
1785740938,16760.00,14526.00,-5173.00
1785741838,16772.00,14336.00,-5375.00
1785742738,16772.00,14284.00,-5427.00
1785743638,16772.00,14531.00,-5180.00
1785744538,16772.00,14536.00,-5175.00
1785745439,16772.00,14480.00,-5231.00
1785746339,16772.00,14680.00,-5031.00
1785747239,16772.00,14844.00,-4867.00
1785748139,16772.00,15006.00,-4705.00
1785749039,16772.00,14903.00,-4808.00
1785749939,16772.00,15118.00,-4593.00
1785750839,16772.00,14875.00,-4836.00
1785751739,16772.00,14979.00,-4732.00
1785752639,16772.00,15025.00,-4686.00
1785753539,16772.00,14864.00,-4847.00
1785754439,16782.00,14555.00,-5166.00
1785755339,16782.00,14653.00,-5068.00
1785756239,16782.00,14853.00,-4868.00
1785757139,16782.00,15003.00,-4718.00
1785758039,16782.00,14653.00,-5068.00
1785758939,16782.00,14478.00,-5228.00
1785759839,16782.00,14415.00,-5306.00
1785760739,16782.00,14640.00,-5081.00
1785761639,16782.00,14761.00,-4960.00
1785762539,16782.00,14712.00,-5009.00
1785763439,16782.00,14248.00,-5473.00
1785764339,16782.00,13839.00,-5882.00
1785765239,16782.00,13850.00,-5871.00
1785766139,16782.00,14077.00,-5644.00
1785767039,16782.00,14144.00,-5577.00
1785767939,16782.00,14082.00,-5639.00
1785768839,16782.00,14346.00,-5375.00
1785769739,16782.00,14504.00,-5217.00
1785770639,16782.00,14690.00,-5031.00
1785771539,16782.00,14592.00,-5129.00
1785772439,16782.00,15107.00,-4614.00
1785773339,16782.00,15005.00,-4716.00
1785774239,16782.00,14852.00,-4869.00
1785775139,16782.00,14970.00,-4751.00
1785776039,16782.00,14852.00,-4869.00
1785776939,16782.00,15005.00,-4716.00
1785777839,16782.00,15027.00,-4694.00
1785778739,16782.00,15029.00,-4692.00
1785779639,16782.00,15010.00,-4711.00
1785780539,16782.00,15017.00,-4704.00
1785781439,16782.00,14769.00,-4952.00
1785782339,16782.00,14865.00,-4856.00
1785783240,16782.00,14627.00,-5094.00
1785784140,16794.00,14664.00,-5069.00
1785785040,16794.00,14791.00,-4942.00
1785785940,16794.00,14849.00,-4884.00
1785786840,16794.00,14930.00,-4803.00
1785787740,16794.00,15091.00,-4642.00
1785788640,16794.00,15273.00,-4460.00
1785789540,16794.00,15318.00,-4415.00
1785790440,16794.00,15453.00,-4280.00
1785791340,16794.00,15372.00,-4361.00
1785792240,16794.00,15371.00,-4362.00
1785793140,16794.00,15381.00,-4352.00
1785794040,16794.00,15368.00,-4365.00
1785794940,16794.00,15771.00,-3962.00
1785795840,16794.00,15815.00,-3918.00
1785796740,16794.00,15779.00,-3954.00
1785797640,16794.00,15719.00,-4014.00
1785798540,16794.00,15712.00,-4021.00
1785799440,16794.00,15751.00,-3982.00
1785800340,16794.00,16003.00,-3730.00
1785801240,16794.00,16201.00,-3532.00
1785802140,16801.00,15935.00,-3805.00
1785803040,16828.00,15592.00,-4175.00
1785803940,16828.00,15795.00,-3972.00
1785804840,16896.00,15895.00,-3940.00
1785805740,16896.00,16029.00,-3806.00
1785806640,16896.00,15996.00,-3839.00
1785807540,16896.00,15936.00,-3899.00
1785808440,16896.00,16005.00,-3830.00
1785809340,16896.00,16153.00,-3682.00
1785810240,16896.00,16158.00,-3677.00
1785811140,16896.00,16159.00,-3676.00
1785812040,16896.00,16167.00,-3668.00
1785812940,16896.00,16161.00,-3674.00
1785813840,16896.00,16086.00,-3749.00
1785814740,16907.00,16096.00,-3750.00
1785815640,16907.00,16147.00,-3699.00
1785816540,16907.00,16174.00,-3672.00
1785817440,16907.00,16161.00,-3685.00
1785818340,16907.00,16055.00,-3791.00
1785819240,16907.00,16066.00,-3780.00
1785820141,16907.00,16058.00,-3788.00
1785821041,16907.00,16109.00,-3737.00
1785821941,16907.00,16164.00,-3682.00
1785822841,16907.00,16225.00,-3621.00
1785823741,16907.00,16221.00,-3625.00
1785824641,16907.00,16137.00,-3709.00
1785825541,16907.00,16162.00,-3684.00
1785826441,16907.00,16231.00,-3615.00
1785827341,16907.00,16190.00,-3656.00
1785828241,16907.00,16179.00,-3667.00
1785829141,16907.00,16269.00,-3577.00
1785830041,16907.00,16268.00,-3578.00
1785830941,16907.00,16291.00,-3555.00
1785831841,16907.00,16303.00,-3543.00
1785832741,16907.00,16263.00,-3583.00
1785833641,16907.00,16297.00,-3549.00
1785834541,16907.00,16411.00,-3435.00
1785835441,16907.00,16375.00,-3471.00
1785836341,16907.00,16379.00,-3467.00
1785837241,16907.00,16413.00,-3433.00
1785838141,16907.00,16416.00,-3430.00
1785839041,16907.00,16401.00,-3445.00
1785839941,16907.00,16379.00,-3467.00
1785840841,16907.00,16356.00,-3490.00
1785841741,16907.00,16337.00,-3509.00
1785842641,16922.00,16281.00,-3580.00
1785843541,16922.00,16136.00,-3725.00
1785844441,16922.00,16171.00,-3690.00
1785845341,16922.00,15947.00,-3914.00
1785846241,16922.00,16115.00,-3746.00
1785847141,16922.00,16007.00,-3854.00
1785848041,16922.00,16004.00,-3857.00
1785848941,16922.00,16097.00,-3764.00
1785849841,16922.00,15935.00,-3926.00
1785850741,16922.00,15848.00,-4013.00
1785851641,16934.00,15983.00,-3890.00
1785852541,16934.00,15862.00,-4011.00
1785853441,16981.00,16102.00,-3818.00
1785854341,16981.00,16195.00,-3725.00
1785855241,16981.00,16244.00,-3676.00
1785856141,16981.00,16185.00,-3735.00
1785857042,16981.00,16244.00,-3676.00
1785857942,16981.00,16090.00,-3830.00
1785858842,16981.00,16041.00,-3879.00
1785859742,16981.00,16166.00,-3754.00
1785860642,16981.00,16072.00,-3848.00
1785861542,16981.00,16229.00,-3691.00
1785862442,16981.00,16266.00,-3654.00
1785863342,16981.00,16222.00,-3698.00
1785864242,16981.00,16280.00,-3640.00
1785865142,16981.00,16272.00,-3648.00
1785866042,16981.00,16233.00,-3687.00
1785866942,16981.00,16272.00,-3648.00
1785867842,16981.00,16296.00,-3624.00
1785868742,16981.00,16317.00,-3603.00
1785869642,16981.00,16308.00,-3612.00
1785870542,16981.00,16403.00,-3517.00
1785871442,16981.00,16436.00,-3484.00
1785872342,16981.00,16411.00,-3509.00
1785873242,16981.00,16465.00,-3455.00
1785874142,16981.00,16395.00,-3525.00
1785875042,16981.00,16364.00,-3556.00
1785875942,16981.00,16386.00,-3534.00
1785876842,16981.00,16379.00,-3541.00
1785877742,16981.00,16382.00,-3538.00
1785878642,16981.00,16367.00,-3553.00
1785879542,16981.00,16329.00,-3591.00
1785880442,16981.00,16385.00,-3535.00
1785881342,16981.00,16340.00,-3580.00
1785882242,16981.00,16377.00,-3543.00
1785883142,16981.00,16379.00,-3541.00
1785884042,16981.00,16344.00,-3576.00
1785884942,16981.00,16391.00,-3529.00
1785885842,16981.00,16407.00,-3513.00
1785886742,16981.00,16423.00,-3497.00
1785887642,16981.00,16392.00,-3528.00
1785888542,16981.00,16341.00,-3579.00
1785889442,16981.00,16246.00,-3674.00
1785890342,16981.00,16277.00,-3643.00
1785891243,16981.00,16206.00,-3714.00
1785892202,16990.00,16211.00,-3718.00
1785893103,16990.00,16286.00,-3643.00
1785894003,16990.00,16325.00,-3604.00
1785894903,16990.00,16311.00,-3618.00
1785895803,16990.00,16305.00,-3624.00
1785896703,16990.00,16166.00,-3763.00
1785897603,16990.00,16055.00,-3874.00
1785898503,16990.00,16083.00,-3846.00
1785899403,16990.00,16036.00,-3893.00
1785900303,16990.00,16072.00,-3857.00
1785901203,16990.00,16159.00,-3770.00
1785902103,16990.00,16111.00,-3818.00
1785903003,16990.00,16041.00,-3888.00
1785903903,16990.00,16069.00,-3860.00
1785904803,16990.00,16203.00,-3726.00
1785905703,16990.00,16349.00,-3580.00
1785906603,16990.00,16354.00,-3575.00
1785907503,16990.00,16322.00,-3607.00
1785908403,16990.00,16316.00,-3613.00
1785909303,16990.00,16333.00,-3596.00
1785910203,16990.00,16342.00,-3587.00
1785911103,16990.00,16432.00,-3497.00
1785912003,16990.00,16269.00,-3660.00
1785912903,16990.00,16336.00,-3593.00
1785913803,16990.00,16349.00,-3580.00
1785914703,16990.00,16335.00,-3594.00
1785915603,16990.00,16377.00,-3552.00
1785916503,16990.00,16404.00,-3525.00
1785917403,16990.00,16448.00,-3481.00
1785918303,16990.00,16466.00,-3463.00
1785919203,16990.00,16549.00,-3380.00
1785920103,16990.00,16545.00,-3384.00
1785921003,16990.00,16528.00,-3401.00
1785921903,16990.00,16460.00,-3469.00
1785922803,16990.00,16476.00,-3453.00
1785923703,16990.00,16455.00,-3474.00
1785924603,16990.00,16476.00,-3453.00
1785925503,16990.00,16460.00,-3469.00
1785926403,16990.00,16430.00,-3499.00
1785927303,16990.00,16441.00,-3488.00
1785928203,16990.00,16362.00,-3567.00
1785929103,17012.00,16247.00,-3704.00
1785930003,17012.00,16254.00,-3697.00
1785930904,17012.00,16273.00,-3678.00
1785931804,17012.00,16296.00,-3655.00
1785932704,17012.00,16140.00,-3811.00
1785933604,17012.00,16216.00,-3735.00
1785934504,17012.00,16298.00,-3653.00
1785935404,17012.00,16242.00,-3709.00
1785936304,17012.00,16328.00,-3623.00
1785937204,17012.00,16187.00,-3764.00
1785938104,17012.00,16234.00,-3717.00
1785939004,17012.00,16059.00,-3892.00
1785939904,17012.00,16147.00,-3804.00
1785940804,17012.00,16213.00,-3738.00
1785941704,17012.00,16287.00,-3664.00
1785942604,17012.00,16208.00,-3743.00
1785943504,17012.00,16283.00,-3668.00
1785944404,17012.00,16282.00,-3669.00
1785945304,17012.00,16333.00,-3618.00
1785946204,17012.00,16344.00,-3607.00
1785947104,17012.00,16335.00,-3616.00
1785948004,17012.00,16394.00,-3557.00
1785948904,17012.00,16441.00,-3510.00
1785949804,17012.00,16506.00,-3445.00
1785950704,17012.00,16487.00,-3464.00
1785951604,17012.00,16420.00,-3531.00
1785952504,17012.00,16408.00,-3543.00
1785953404,17012.00,16384.00,-3567.00
1785954304,17012.00,16386.00,-3565.00
1785955204,17012.00,16385.00,-3566.00
1785956104,17012.00,16380.00,-3571.00
1785957004,17012.00,16430.00,-3521.00
1785957904,17012.00,16463.00,-3488.00
1785958804,17012.00,16430.00,-3521.00
1785959704,17012.00,16450.00,-3501.00
1785960604,17012.00,16453.00,-3498.00
1785961504,17012.00,16533.00,-3418.00
1785962404,17012.00,16495.00,-3456.00
1785963304,17012.00,16480.00,-3471.00
1785964204,17012.00,16395.00,-3556.00
1785965104,17012.00,16385.00,-3566.00
1785966004,17012.00,16385.00,-3566.00
1785966904,17012.00,16318.00,-3633.00
1785967805,17012.00,16400.00,-3551.00
1785968705,17012.00,16390.00,-3561.00
1785969605,17012.00,16394.00,-3557.00
1785970505,17012.00,16395.00,-3556.00
1785971405,17012.00,16355.00,-3596.00
1785972305,17012.00,16328.00,-3623.00
1785973205,17012.00,16323.00,-3628.00
1785974105,17012.00,16294.00,-3657.00
1785975005,17012.00,16383.00,-3568.00
1785975905,17012.00,16376.00,-3575.00
1785976805,17012.00,16377.00,-3574.00
1785977705,17012.00,16423.00,-3528.00
1785978605,17012.00,16397.00,-3554.00
1785979505,17012.00,16376.00,-3575.00
1785980405,17012.00,16303.00,-3648.00
1785981305,17012.00,16348.00,-3603.00
1785982205,17012.00,16316.00,-3635.00
1785983105,17012.00,16354.00,-3597.00
1785984005,17012.00,16343.00,-3608.00
1785984905,17012.00,16365.00,-3586.00
1785985805,17012.00,16409.00,-3542.00
1785986705,17012.00,16429.00,-3522.00
1785987605,17012.00,16420.00,-3531.00
1785988505,17012.00,16420.00,-3531.00
1785989405,17012.00,16430.00,-3521.00
1785990305,17012.00,16420.00,-3531.00
1785991205,17012.00,16430.00,-3521.00
1785992105,17012.00,16441.00,-3510.00
1785993005,17012.00,16447.00,-3504.00
1785993905,17012.00,16466.00,-3485.00
1785994805,17012.00,16434.00,-3517.00
1785995705,17012.00,16444.00,-3507.00
1785996605,17012.00,16466.00,-3485.00
1785997505,17012.00,16512.00,-3439.00
1785998405,17012.00,16521.00,-3430.00
1785999305,17012.00,16525.00,-3426.00
1786000205,17012.00,16455.00,-3496.00
1786001105,17012.00,16455.00,-3496.00
1786002005,17012.00,16530.00,-3421.00
1786002905,17012.00,16562.00,-3389.00
1786003805,17012.00,16527.00,-3424.00
1786004706,17012.00,16567.00,-3384.00
1786005606,17012.00,16539.00,-3412.00
1786006506,17012.00,16515.00,-3435.00
1786007406,17012.00,16541.00,-3410.00
1786008306,17012.00,16539.00,-3412.00
1786009206,17012.00,16560.00,-3391.00
1786010106,17012.00,16556.00,-3395.00
1786011006,17012.00,16550.00,-3401.00
1786011906,17012.00,16575.00,-3376.00
1786012806,17012.00,16545.00,-3406.00
1786013706,17012.00,16570.00,-3381.00
1786014606,17012.00,16616.00,-3335.00
1786015506,17012.00,16599.00,-3352.00
1786016406,17012.00,16626.00,-3325.00
1786017306,17012.00,16594.00,-3357.00
1786018206,17012.00,16533.00,-3418.00
1786019106,17012.00,16551.00,-3400.00
1786020006,17012.00,16618.00,-3333.00
1786020906,17012.00,16601.00,-3350.00
1786021806,17012.00,16622.00,-3329.00
1786022706,17012.00,16611.00,-3340.00
1786023606,17012.00,16596.00,-3355.00
1786024506,17012.00,16550.00,-3401.00
1786025406,17012.00,16834.00,-3117.00
1786026306,17012.00,16846.00,-3105.00
1786027206,17012.00,16881.00,-3070.00
1786028106,17012.00,16887.00,-3064.00
1786029006,17012.00,16922.00,-3029.00
1786029906,17012.00,16991.00,-2960.00
1786030806,17012.00,17001.00,-2950.00
1786031706,17012.00,17028.00,-2923.00
1786032606,17012.00,17046.00,-2905.00
1786033506,17256.00,17072.00,-3123.00
1786034406,17256.00,17094.00,-3101.00
1786035306,17256.00,17084.00,-3111.00
1786036206,17256.00,17071.00,-3124.00
1786037106,17256.00,17056.00,-3139.00
1786038006,17256.00,17063.00,-3132.00
1786038906,17256.00,17048.00,-3147.00
1786039806,17256.00,17031.00,-3164.00
1786040707,17256.00,17035.00,-3160.00
1786041607,17256.00,17043.00,-3152.00
1786042507,17256.00,17021.00,-3174.00
1786043407,17256.00,17012.00,-3183.00
1786044307,17256.00,17056.00,-3139.00
1786045207,17256.00,17066.00,-3129.00
1786046107,17256.00,17059.00,-3136.00
1786047007,17256.00,17066.00,-3129.00
1786047907,17256.00,17073.00,-3122.00
1786048807,17256.00,17072.00,-3123.00
1786049707,17256.00,17071.00,-3124.00
1786050607,17256.00,16984.00,-3211.00
1786051507,17256.00,17007.00,-3188.00
1786052407,17256.00,16998.00,-3197.00
1786053307,17256.00,17015.00,-3180.00
1786054207,17256.00,17046.00,-3149.00
1786055107,17256.00,17040.00,-3155.00
1786056007,17256.00,17036.00,-3159.00
1786056907,17256.00,17037.00,-3158.00
1786057807,17256.00,17030.00,-3165.00
1786058707,17256.00,17030.00,-3165.00
1786059607,17256.00,17032.00,-3163.00
1786060507,17256.00,17029.00,-3166.00
1786061407,17256.00,17037.00,-3158.00
1786062307,17256.00,17057.00,-3138.00
1786063207,17256.00,17055.00,-3140.00
1786064107,17256.00,17053.00,-3142.00
1786065007,17256.00,17047.00,-3148.00
1786065907,17256.00,17025.00,-3170.00
1786066807,17256.00,17007.00,-3188.00
1786067707,17284.00,17023.00,-3200.00
1786068607,17284.00,17050.00,-3173.00
1786069507,17284.00,17031.00,-3192.00
1786070407,17284.00,17039.00,-3184.00
1786071307,17284.00,17044.00,-3179.00
1786072207,17284.00,17064.00,-3159.00
1786073107,17284.00,17070.00,-3153.00
1786074007,17284.00,17070.00,-3153.00
1786074907,17284.00,17080.00,-3143.00
1786075807,17284.00,17069.00,-3154.00
1786076708,17284.00,17070.00,-3153.00
1786077608,17284.00,17073.00,-3150.00
1786078508,17284.00,17061.00,-3162.00
1786079408,17284.00,17052.00,-3171.00
1786080308,17284.00,17055.00,-3168.00
1786081208,17284.00,17049.00,-3174.00
1786082108,17284.00,17049.00,-3174.00
1786083008,17284.00,17042.00,-3181.00
1786083908,17284.00,17023.00,-3200.00
1786084808,17284.00,17036.00,-3187.00
1786085708,17284.00,17031.00,-3192.00
1786086608,17284.00,17037.00,-3186.00
1786087508,17284.00,17056.00,-3167.00
1786088408,17284.00,17060.00,-3163.00
1786089308,17284.00,17086.00,-3137.00
1786090208,17284.00,17081.00,-3142.00
1786091108,17284.00,17089.00,-3134.00
1786092008,17284.00,17069.00,-3154.00
1786092908,17284.00,17058.00,-3165.00
1786093808,17284.00,17068.00,-3155.00
1786094708,17284.00,17065.00,-3158.00
1786095608,17284.00,17059.00,-3164.00
1786096508,17284.00,17059.00,-3164.00
1786097408,17284.00,17065.00,-3158.00
1786098308,17284.00,17076.00,-3147.00
1786099208,17284.00,17054.00,-3169.00
1786100108,17284.00,17052.00,-3171.00
1786101008,17284.00,17043.00,-3180.00
1786101908,17284.00,17065.00,-3158.00
1786102808,17284.00,17058.00,-3165.00
1786103708,17284.00,17049.00,-3174.00
1786104608,17284.00,17053.00,-3170.00
1786105508,17284.00,17060.00,-3163.00
1786106408,17386.00,15751.00,-4574.00
1786107308,17386.00,15938.00,-4387.00
1786108208,17409.00,16393.00,-3955.00
1786109108,17409.00,16376.00,-3972.00
1786110008,17409.00,16623.00,-3725.00
1786110908,17409.00,16870.00,-3478.00
1786111808,17409.00,16987.00,-3361.00
1786112709,17425.00,16921.00,-3443.00
1786113609,17425.00,16976.00,-3388.00
1786114509,17425.00,17114.00,-3250.00
1786115409,17425.00,17080.00,-3284.00
1786116309,17425.00,16987.00,-3377.00
1786117209,17425.00,16763.00,-3601.00
1786118109,17430.00,16729.00,-3640.00
1786119009,17430.00,16732.00,-3637.00
1786119909,17430.00,16566.00,-3803.00
1786120809,17430.00,16593.00,-3776.00
1786121709,17430.00,16666.00,-3703.00
1786122609,17430.00,16715.00,-3654.00
1786123509,17430.00,16624.00,-3745.00
1786124409,17430.00,16668.00,-3701.00
1786125309,17430.00,16697.00,-3672.00
1786126209,17430.00,16802.00,-3567.00
1786127109,17430.00,16902.00,-3467.00
1786128009,17430.00,16889.00,-3480.00
1786128909,17459.00,16829.00,-3569.00
1786129809,17459.00,16863.00,-3535.00
1786130709,17459.00,16836.00,-3562.00
1786131609,17459.00,16780.00,-3618.00
1786132509,17459.00,16790.00,-3608.00
1786133409,17459.00,16961.00,-3437.00
1786134309,17459.00,17083.00,-3315.00
1786135209,17459.00,17174.00,-3224.00
1786136109,17459.00,17125.00,-3273.00
1786137009,17459.00,17100.00,-3298.00
1786137909,17459.00,17100.00,-3298.00
1786138809,17459.00,17100.00,-3298.00
1786139709,17459.00,17100.00,-3298.00
1786140609,17459.00,17100.00,-3298.00
1786141509,17459.00,17100.00,-3298.00
1786142409,17459.00,17100.00,-3298.00
1786143309,17459.00,17100.00,-3298.00
1786144209,17459.00,17100.00,-3298.00
1786145109,17459.00,17100.00,-3298.00
1786146009,17459.00,17100.00,-3298.00
1786146909,17459.00,17100.00,-3298.00
1786147809,17459.00,17100.00,-3298.00
1786148709,17459.00,17100.00,-3298.00
1786149610,17459.00,17100.00,-3298.00
1786150510,17459.00,17100.00,-3298.00
1786151410,17459.00,17100.00,-3298.00
1786152310,17459.00,17100.00,-3298.00
1786153210,17459.00,17100.00,-3298.00
1786154110,17459.00,17100.00,-3298.00
1786155010,17459.00,17100.00,-3298.00
1786155910,17459.00,17100.00,-3298.00
1786156810,17459.00,17100.00,-3298.00
1786157710,17459.00,17100.00,-3298.00
1786158610,17459.00,17100.00,-3298.00
1786159510,17459.00,17100.00,-3298.00
1786160410,17459.00,17100.00,-3298.00
1786161310,17459.00,17100.00,-3298.00
1786162210,17459.00,17100.00,-3298.00
1786163110,17459.00,17100.00,-3298.00
1786164010,17459.00,17100.00,-3298.00
1786164910,17459.00,17100.00,-3298.00
1786165810,17459.00,17100.00,-3298.00
1786166710,17459.00,17100.00,-3298.00
1786167610,17459.00,17100.00,-3298.00
1786168510,17459.00,17100.00,-3298.00
1786169410,17459.00,17100.00,-3298.00
1786170310,17459.00,17100.00,-3298.00
1786171210,17459.00,17100.00,-3298.00
1786172110,17459.00,17100.00,-3298.00
1786173010,17459.00,17100.00,-3298.00
1786173910,17459.00,17100.00,-3298.00
1786174810,17459.00,17100.00,-3298.00
1786175710,17459.00,17100.00,-3298.00
1786176610,17459.00,17100.00,-3298.00
1786177510,17459.00,17100.00,-3298.00
1786178410,17459.00,17100.00,-3298.00
1786179310,17459.00,17100.00,-3298.00
1786180210,17459.00,17100.00,-3298.00
1786181110,17459.00,17100.00,-3298.00
1786182010,17459.00,17100.00,-3298.00
1786182910,17459.00,17100.00,-3298.00
1786183810,17459.00,17100.00,-3298.00
1786184710,17459.00,17100.00,-3298.00
1786185611,17459.00,17100.00,-3298.00
1786186511,17459.00,17100.00,-3298.00
1786187411,17459.00,17100.00,-3298.00
1786188311,17459.00,17100.00,-3298.00
1786189211,17459.00,17100.00,-3298.00
1786190111,17459.00,17100.00,-3298.00
1786191011,17459.00,17100.00,-3298.00
1786191911,17459.00,17100.00,-3298.00
1786192811,17459.00,17100.00,-3298.00
1786193711,17459.00,17100.00,-3298.00
1786194611,17459.00,17100.00,-3298.00
1786195511,17459.00,17100.00,-3298.00
1786196411,17459.00,17100.00,-3298.00
1786197311,17459.00,17100.00,-3298.00
1786198211,17459.00,17100.00,-3298.00
1786199111,17459.00,17100.00,-3298.00
1786200011,17459.00,17100.00,-3298.00
1786200911,17459.00,17100.00,-3298.00
1786201811,17459.00,17100.00,-3298.00
1786202711,17459.00,17100.00,-3298.00
1786203611,17459.00,17100.00,-3298.00
1786204511,17459.00,17100.00,-3298.00
1786205411,17459.00,17100.00,-3298.00
1786206311,17459.00,17100.00,-3298.00
1786207211,17459.00,17100.00,-3298.00
1786208111,17459.00,17100.00,-3298.00
1786209011,17459.00,17100.00,-3298.00
1786209911,17459.00,17100.00,-3298.00
1786210811,17459.00,17100.00,-3298.00
1786211711,17459.00,17100.00,-3298.00
1786212611,17459.00,17100.00,-3298.00
1786213511,17459.00,17100.00,-3298.00
1786214411,17459.00,17100.00,-3298.00
1786215311,17459.00,17100.00,-3298.00
1786216211,17459.00,17100.00,-3298.00
1786217111,17459.00,17100.00,-3298.00
1786218011,17459.00,17100.00,-3298.00
1786218911,17459.00,17100.00,-3298.00
1786219811,17459.00,17100.00,-3298.00
1786220712,17459.00,17100.00,-3298.00
1786221612,17459.00,17100.00,-3298.00
1786222512,17459.00,17100.00,-3298.00
1786223412,17459.00,17100.00,-3298.00
1786224312,17459.00,17100.00,-3298.00
1786225212,17459.00,17100.00,-3298.00
1786226112,17459.00,17100.00,-3298.00
1786227012,17459.00,17100.00,-3298.00
1786227912,17459.00,17100.00,-3298.00
1786228812,17459.00,17100.00,-3298.00
1786229712,17459.00,17100.00,-3298.00
1786230612,17459.00,17100.00,-3298.00
1786231512,17459.00,17100.00,-3298.00
1786232412,17459.00,17100.00,-3298.00
1786233312,17459.00,17100.00,-3298.00
1786234212,17459.00,17100.00,-3298.00
1786235112,17459.00,17100.00,-3298.00
1786236012,17459.00,17100.00,-3298.00
1786236912,17459.00,17100.00,-3298.00
1786237812,17459.00,17100.00,-3298.00
1786238712,17459.00,17100.00,-3298.00
1786239612,17459.00,17100.00,-3298.00
1786240512,17459.00,17100.00,-3298.00
1786241412,17459.00,17100.00,-3298.00
1786242312,17459.00,17100.00,-3298.00
1786243212,17459.00,17100.00,-3298.00
1786244112,17459.00,17100.00,-3298.00
1786245012,17459.00,17100.00,-3298.00
1786245912,17459.00,17100.00,-3298.00
1786246812,17459.00,17100.00,-3298.00
1786247712,17459.00,17100.00,-3298.00
1786248612,17459.00,17100.00,-3298.00
1786249512,17459.00,17100.00,-3298.00
1786250412,17459.00,17100.00,-3298.00
1786251312,17459.00,17100.00,-3298.00
1786252212,17459.00,17100.00,-3298.00
1786253112,17459.00,17100.00,-3298.00
1786254012,17459.00,17100.00,-3298.00
1786254912,17459.00,17100.00,-3298.00
1786255812,17459.00,17100.00,-3298.00
1786256713,17459.00,17100.00,-3298.00
1786257613,17459.00,17100.00,-3298.00
1786258513,17459.00,17100.00,-3298.00
1786259413,17459.00,17100.00,-3298.00
1786260313,17459.00,17100.00,-3298.00
1786261213,17459.00,17100.00,-3298.00
1786262113,17459.00,17100.00,-3298.00
1786263013,17459.00,17100.00,-3298.00
1786263913,17459.00,17100.00,-3298.00
1786264813,17459.00,17100.00,-3298.00
1786265713,17459.00,17100.00,-3298.00
1786266613,17459.00,17100.00,-3298.00
1786267513,17459.00,17100.00,-3298.00
1786268413,17459.00,17100.00,-3298.00
1786269313,17459.00,17100.00,-3298.00
1786270213,17459.00,17100.00,-3298.00
1786271113,17459.00,17100.00,-3298.00
1786272013,17459.00,17100.00,-3298.00
1786272913,17459.00,17100.00,-3298.00
1786273813,17459.00,17100.00,-3298.00
1786274713,17459.00,17100.00,-3298.00
1786275613,17459.00,17100.00,-3298.00
1786276513,17459.00,17100.00,-3298.00
1786277413,17459.00,17100.00,-3298.00
1786278313,17459.00,17100.00,-3298.00
1786279213,17459.00,17100.00,-3298.00
1786280113,17459.00,17100.00,-3298.00
1786281013,17459.00,17100.00,-3298.00
1786281913,17459.00,17100.00,-3298.00
1786282813,17459.00,17100.00,-3298.00
1786283713,17459.00,17100.00,-3298.00
1786284613,17459.00,17100.00,-3298.00
1786285513,17459.00,17100.00,-3298.00
1786286413,17459.00,17100.00,-3298.00
1786287313,17459.00,17100.00,-3298.00
1786288213,17459.00,17100.00,-3298.00
1786289113,17459.00,17100.00,-3298.00
1786290013,17459.00,17100.00,-3298.00
1786290913,17459.00,17100.00,-3298.00
1786291813,17459.00,17100.00,-3298.00
1786292714,17459.00,17100.00,-3298.00
1786293614,17459.00,17100.00,-3298.00
1786294514,17459.00,17100.00,-3298.00
1786295414,17459.00,17100.00,-3298.00
1786296314,17459.00,17100.00,-3298.00
1786297214,17459.00,17100.00,-3298.00
1786298114,17459.00,17100.00,-3298.00
1786299014,17459.00,17100.00,-3298.00
1786299914,17459.00,17100.00,-3298.00
1786300814,17459.00,17100.00,-3298.00
1786301714,17459.00,17100.00,-3298.00
1786302614,17459.00,17100.00,-3298.00
1786303514,17459.00,17100.00,-3298.00
1786304414,17459.00,17100.00,-3298.00
1786305314,17459.00,17100.00,-3298.00
1786306214,17459.00,17100.00,-3298.00
1786307114,17459.00,17100.00,-3298.00
1786308014,17459.00,17100.00,-3298.00
1786308914,17459.00,17100.00,-3298.00
1786309814,17459.00,17005.00,-3393.00
1786310714,17459.00,16967.00,-3431.00
1786311614,17459.00,16967.00,-3431.00
1786312514,17459.00,16965.00,-3433.00
1786313414,17459.00,17141.00,-3257.00
1786314314,17459.00,17178.00,-3220.00
1786315214,17459.00,17192.00,-3206.00
1786316114,17459.00,17245.00,-3153.00
1786317014,17459.00,17205.00,-3193.00
1786317914,17459.00,17203.00,-3195.00
1786318814,17459.00,17185.00,-3213.00
1786319714,17459.00,17194.00,-3204.00
1786320614,17459.00,17212.00,-3186.00
1786321514,17459.00,17213.00,-3185.00
1786322414,17459.00,17233.00,-3165.00
1786323314,17459.00,17250.00,-3148.00
1786324214,17459.00,17356.00,-3042.00
1786325115,17459.00,17400.00,-2998.00
1786326074,17459.00,17488.00,-2910.00
1786326974,17459.00,17526.00,-2872.00
1786327875,17459.00,17525.00,-2873.00
1786328775,17459.00,17527.00,-2871.00
1786329675,17459.00,17517.00,-2881.00
1786330575,17459.00,17506.00,-2892.00
1786331475,17459.00,17480.00,-2918.00
1786332375,17459.00,17469.00,-2929.00
1786333275,17459.00,17482.00,-2916.00
1786334175,17459.00,17479.00,-2919.00
1786335075,17459.00,17507.00,-2891.00
1786335975,17459.00,17506.00,-2892.00
1786336875,17459.00,17518.00,-2880.00
1786337775,17459.00,17511.00,-2887.00
1786338675,17459.00,17559.00,-2839.00
1786339575,17459.00,17579.00,-2819.00
1786340475,17459.00,17559.00,-2839.00
1786341375,17459.00,17560.00,-2838.00
1786342275,17459.00,17573.00,-2825.00
1786343175,17459.00,17611.00,-2787.00
1786344075,17459.00,17605.00,-2793.00
1786344975,17459.00,17587.00,-2811.00
1786345875,17459.00,17614.00,-2784.00
1786346775,17459.00,17620.00,-2778.00
1786347675,17459.00,17630.00,-2768.00
1786348575,17459.00,17632.00,-2766.00
1786349475,17459.00,17632.00,-2766.00
1786350375,17459.00,17630.00,-2768.00
1786351275,17459.00,17648.00,-2750.00
1786352175,17459.00,17678.00,-2720.00
1786353075,17459.00,17677.00,-2721.00
1786353975,17459.00,17680.00,-2718.00
1786354875,17459.00,17671.00,-2727.00
1786355775,17459.00,17661.00,-2737.00
1786356675,17459.00,17666.00,-2732.00
1786357575,17459.00,17688.00,-2710.00
1786358475,17459.00,17680.00,-2718.00
1786359375,17459.00,17710.00,-2688.00
1786360275,17459.00,17680.00,-2718.00
1786361175,17459.00,17699.00,-2699.00
1786362075,17459.00,17680.00,-2718.00
1786362975,17459.00,17665.00,-2733.00
1786363875,17503.00,17916.00,-2526.00
1786364776,17503.00,17980.00,-2462.00
1786365676,17503.00,18008.00,-2434.00
1786366576,17503.00,18024.00,-2418.00
1786367476,17503.00,18028.00,-2414.00
1786368376,17503.00,18027.00,-2415.00
1786369276,17503.00,18035.00,-2407.00
1786370176,17503.00,18032.00,-2410.00
1786371076,17503.00,18030.00,-2412.00
1786371976,17503.00,18023.00,-2419.00
1786372876,17503.00,18024.00,-2418.00
1786373776,17503.00,18028.00,-2414.00
1786374676,17503.00,18038.00,-2404.00
1786375576,17503.00,18026.00,-2416.00
1786376476,17503.00,18021.00,-2421.00
1786377376,17503.00,18025.00,-2417.00
1786378276,17503.00,18025.00,-2417.00
1786379176,17503.00,18026.00,-2416.00
1786380076,17503.00,18031.00,-2411.00
1786380976,17503.00,18040.00,-2402.00
1786381876,17503.00,18037.00,-2405.00
1786382776,17503.00,18040.00,-2402.00
1786383676,17503.00,18043.00,-2399.00
1786384576,17503.00,18039.00,-2403.00
1786385476,17503.00,18035.00,-2407.00
1786386376,17503.00,18030.00,-2412.00
1786387276,17503.00,18033.00,-2409.00
1786388176,17503.00,18017.00,-2425.00
1786389076,17503.00,18017.00,-2425.00
1786389976,17503.00,18017.00,-2425.00
1786390876,17503.00,17955.00,-2487.00
1786391776,17503.00,18000.00,-2442.00
1786392676,17503.00,17983.00,-2459.00
1786393576,17503.00,17966.00,-2476.00
1786394476,17503.00,17978.00,-2464.00
1786395376,17503.00,17986.00,-2456.00
1786396276,17503.00,17707.00,-2735.00
1786397176,17503.00,17789.00,-2653.00
1786398076,17503.00,17905.00,-2537.00
1786398976,17503.00,17769.00,-2673.00
1786399876,17503.00,17892.00,-2550.00
1786400776,17503.00,17931.00,-2511.00
1786401677,17503.00,17946.00,-2496.00
1786402577,17503.00,17956.00,-2486.00
1786403477,17503.00,17940.00,-2502.00
1786404377,17503.00,17956.00,-2486.00
1786405277,17503.00,17937.00,-2505.00
1786406177,17503.00,18003.00,-2439.00
1786407077,17503.00,18033.00,-2409.00
1786407977,17503.00,18013.00,-2429.00
1786408877,17512.00,18078.00,-2373.00
1786409777,17512.00,18080.00,-2371.00
1786410677,17512.00,18083.00,-2368.00
1786411577,17512.00,18082.00,-2369.00
1786412477,17512.00,18081.00,-2370.00
1786413377,17512.00,18083.00,-2368.00
1786414277,17512.00,18091.00,-2360.00
1786415177,17512.00,18096.00,-2355.00
1786416077,17512.00,18090.00,-2361.00
1786416977,17512.00,18088.00,-2363.00
1786417877,17512.00,18107.00,-2344.00
1786418777,17512.00,18118.00,-2333.00
1786419677,17512.00,18124.00,-2327.00
1786420577,17512.00,18124.00,-2327.00
1786421477,17512.00,18117.00,-2334.00
1786422377,17512.00,18127.00,-2324.00
1786423277,17512.00,18108.00,-2343.00
1786424177,17512.00,18111.00,-2340.00
1786425077,17512.00,18117.00,-2334.00
1786425977,17512.00,18114.00,-2337.00
1786426877,17512.00,18125.00,-2326.00
1786427777,17512.00,18112.00,-2339.00
1786428677,17512.00,18109.00,-2342.00
1786429577,17512.00,18115.00,-2336.00
1786430477,17512.00,18114.00,-2337.00
1786431377,17512.00,18117.00,-2334.00
1786432277,17512.00,18085.00,-2366.00
1786433177,17512.00,18094.00,-2357.00
1786434077,17512.00,18090.00,-2361.00
1786434977,17512.00,18085.00,-2366.00
1786435877,17512.00,18074.00,-2377.00
1786436777,17512.00,18082.00,-2369.00
1786437677,17512.00,18090.00,-2361.00
1786438578,17512.00,18073.00,-2378.00
1786439478,17512.00,18072.00,-2379.00
1786440378,17512.00,18077.00,-2374.00
1786441278,17512.00,18080.00,-2371.00
1786442178,17512.00,18091.00,-2360.00
1786443078,17512.00,18090.00,-2361.00
1786443978,17512.00,18103.00,-2348.00
1786444878,17512.00,18103.00,-2348.00
1786445778,17512.00,18103.00,-2348.00
1786446678,17571.00,18154.00,-2356.00
1786447578,17571.00,18165.00,-2345.00
1786448478,17571.00,18167.00,-2343.00
1786449378,17571.00,18175.00,-2335.00
1786450278,17571.00,18168.00,-2338.00
1786451178,17571.00,18163.00,-2347.00
1786452078,17571.00,18174.00,-2336.00
1786452978,17571.00,18176.00,-2334.00
1786453878,17571.00,18187.00,-2323.00
1786454778,17571.00,18188.00,-2322.00
1786455678,17571.00,18186.00,-2324.00
1786456578,17571.00,18181.00,-2329.00
1786457478,17571.00,18174.00,-2336.00
1786458378,17571.00,18183.00,-2327.00
1786459278,17571.00,18186.00,-2324.00
1786460178,17571.00,18179.00,-2331.00
1786461078,17571.00,18186.00,-2324.00
1786461978,17571.00,18183.00,-2327.00
1786462878,17571.00,18168.00,-2342.00
1786463778,17571.00,18179.00,-2331.00
1786464678,17571.00,18188.00,-2322.00
1786465578,17571.00,18179.00,-2331.00
1786466478,17571.00,18183.00,-2327.00
1786467378,17571.00,18177.00,-2333.00
1786468278,17571.00,18169.00,-2341.00
1786469178,17571.00,18162.00,-2348.00
1786470078,17571.00,18168.00,-2342.00
1786470978,17571.00,18167.00,-2343.00
1786471878,17571.00,18165.00,-2345.00
1786472778,17571.00,18160.00,-2350.00
1786473678,17571.00,18169.00,-2341.00
1786474578,17571.00,18174.00,-2336.00
1786475479,17571.00,18178.00,-2332.00
1786476379,17571.00,18171.00,-2339.00
1786477279,17571.00,18178.00,-2332.00
1786478179,17571.00,18178.00,-2332.00
1786479079,17571.00,18171.00,-2339.00
1786479979,17571.00,18173.00,-2337.00
1786480879,17571.00,18160.00,-2350.00
1786481779,17571.00,18167.00,-2343.00
1786482679,17571.00,17913.00,-2597.00
1786483579,17571.00,18075.00,-2435.00
1786484479,17571.00,18078.00,-2432.00
1786485379,17571.00,18063.00,-2447.00
1786486279,17571.00,18106.00,-2404.00
1786487179,17571.00,18106.00,-2404.00
1786488079,17571.00,18120.00,-2390.00
1786488979,17571.00,18126.00,-2384.00
1786489879,17571.00,18126.00,-2384.00
1786490779,17571.00,18127.00,-2383.00
1786491679,17571.00,18121.00,-2389.00
1786492579,17571.00,18127.00,-2383.00
1786493479,17571.00,18141.00,-2369.00
1786494379,17571.00,18140.00,-2370.00
1786495279,17571.00,18131.00,-2379.00
1786496179,17571.00,18115.00,-2395.00
1786497079,17571.00,18116.00,-2394.00
1786497979,17571.00,18117.00,-2393.00
1786498879,17571.00,18123.00,-2387.00
1786499779,17571.00,18116.00,-2394.00
1786500679,17571.00,18119.00,-2391.00
1786501579,17571.00,18103.00,-2407.00
1786502479,17571.00,18101.00,-2409.00
1786503379,17571.00,18104.00,-2406.00
1786504279,17571.00,18098.00,-2412.00
1786505179,17571.00,18096.00,-2414.00
1786506079,17571.00,18101.00,-2409.00
1786506979,17571.00,18100.00,-2410.00
1786507879,17571.00,18102.00,-2408.00
1786508779,17571.00,18095.00,-2415.00
1786509679,17571.00,18104.00,-2406.00
1786510579,17571.00,18106.00,-2404.00
1786511480,17571.00,18102.00,-2408.00
1786512380,17571.00,18102.00,-2408.00
1786513280,17571.00,18109.00,-2401.00
1786514180,17571.00,18107.00,-2403.00
1786515080,17571.00,18106.00,-2404.00
1786515980,17571.00,18107.00,-2403.00
1786516880,17571.00,18112.00,-2397.00
1786517780,17571.00,18107.00,-2403.00
1786518680,17571.00,18115.00,-2395.00
1786519580,17571.00,18112.00,-2398.00
1786520480,17571.00,18113.00,-2397.00
1786521380,17571.00,18111.00,-2399.00
1786522280,17571.00,18118.00,-2392.00
1786523180,17571.00,18120.00,-2390.00
1786524080,17571.00,18125.00,-2385.00
1786524980,17571.00,18120.00,-2390.00
1786525880,17571.00,18126.00,-2384.00
1786526780,17684.00,18148.00,-2475.00
1786527680,17684.00,18121.00,-2502.00
1786528580,17684.00,18098.00,-2525.00
1786529480,17684.00,18070.00,-2553.00
1786530380,17684.00,18071.00,-2552.00
1786531280,17684.00,18098.00,-2525.00
1786532180,17684.00,18065.00,-2558.00
1786533080,17684.00,18094.00,-2529.00
1786533980,17684.00,18088.00,-2535.00
1786534880,17684.00,18133.00,-2490.00
1786535780,17684.00,18133.00,-2490.00
1786536680,17684.00,18155.00,-2468.00
1786537580,17684.00,18154.00,-2469.00
1786538480,17685.00,18343.00,-2279.00
1786539380,17685.00,18329.00,-2295.00
1786540280,17742.00,18358.00,-2323.00
1786541180,17742.00,18380.00,-2301.00
1786542080,17742.00,18400.00,-2281.00
1786542980,17742.00,18403.00,-2278.00
1786543880,17742.00,18405.00,-2276.00
1786544780,17742.00,18403.00,-2278.00
1786545680,17742.00,18400.00,-2281.00
1786546580,17742.00,18405.00,-2276.00
1786547480,17742.00,18405.00,-2276.00
1786548381,17742.00,18405.00,-2276.00
1786549281,17742.00,18403.00,-2278.00
1786550181,17742.00,18401.00,-2280.00
1786551081,17742.00,18390.00,-2291.00
1786551981,17742.00,18373.00,-2308.00
1786552881,17742.00,18368.00,-2313.00
1786553781,17742.00,18352.00,-2329.00
1786554681,17742.00,18351.00,-2330.00
1786555581,17742.00,18344.00,-2337.00
1786556481,17742.00,18306.00,-2375.00
1786557381,17742.00,18296.00,-2385.00
1786558281,17742.00,18301.00,-2380.00
1786559181,17742.00,18318.00,-2363.00
1786560081,17742.00,18317.00,-2364.00
1786560981,17742.00,18305.00,-2376.00
1786561881,17742.00,18296.00,-2385.00
1786562781,17742.00,18312.00,-2369.00
1786563681,17742.00,18299.00,-2382.00
1786564581,17742.00,18292.00,-2389.00
1786565481,17742.00,18305.00,-2376.00
1786566381,17742.00,18312.00,-2369.00
1786567281,17742.00,18344.00,-2337.00
1786568181,17742.00,18336.00,-2345.00
1786569081,17742.00,18161.00,-2520.00
1786569981,17742.00,18146.00,-2535.00
1786570881,17742.00,18170.00,-2511.00
1786571781,17742.00,18167.00,-2514.00
1786572681,17742.00,18203.00,-2478.00
1786573581,17742.00,18205.00,-2476.00
1786574481,17742.00,18220.00,-2461.00
1786575381,17742.00,18231.00,-2450.00
1786576281,17742.00,18250.00,-2431.00
1786577181,17742.00,18267.00,-2414.00
1786578081,17742.00,18245.00,-2436.00
1786578981,17742.00,18277.00,-2404.00
1786579881,17742.00,18270.00,-2411.00
1786580781,17742.00,18282.00,-2399.00
1786581681,17742.00,18312.00,-2369.00
1786582581,17742.00,18281.00,-2400.00
1786583481,17742.00,18292.00,-2389.00
1786584381,17742.00,18291.00,-2390.00
1786585282,17742.00,18295.00,-2386.00
1786586182,17742.00,18266.00,-2415.00
1786587082,17742.00,18238.00,-2443.00
1786587982,17742.00,18213.00,-2468.00
1786588882,17742.00,18194.00,-2487.00
1786589782,17742.00,18207.00,-2474.00
1786590682,17742.00,18215.00,-2466.00
1786591582,17742.00,18191.00,-2490.00
1786592482,17742.00,18206.00,-2475.00
1786593382,17742.00,18214.00,-2467.00
1786594282,17742.00,18198.00,-2483.00
1786595182,17742.00,18199.00,-2482.00
1786596082,17742.00,18189.00,-2492.00
1786596982,17748.00,18313.00,-2374.00
1786597882,17748.00,18312.00,-2375.00
1786598782,17748.00,18314.00,-2373.00
1786599682,17748.00,18305.00,-2382.00
1786600582,17748.00,18323.00,-2364.00
1786601482,17748.00,18305.00,-2382.00
1786602382,17748.00,18298.00,-2389.00
1786603282,17748.00,18282.00,-2405.00
1786604182,17748.00,18302.00,-2385.00
1786605082,17748.00,18300.00,-2387.00
1786605982,17748.00,18299.00,-2388.00
1786606882,17748.00,18307.00,-2380.00
1786607782,17748.00,18310.00,-2377.00
1786608682,17748.00,18301.00,-2386.00
1786609582,17748.00,18298.00,-2389.00
1786610482,17748.00,18293.00,-2394.00
1786611382,17748.00,18292.00,-2395.00
1786612282,17748.00,18290.00,-2397.00
1786613182,17748.00,18300.00,-2387.00
1786614082,17748.00,18303.00,-2384.00
1786614982,17748.00,18311.00,-2376.00
1786615882,17748.00,18306.00,-2381.00
1786616782,17748.00,18313.00,-2374.00
1786617682,17748.00,18312.00,-2375.00
1786618582,17748.00,18312.00,-2375.00
1786619482,17748.00,18317.00,-2370.00
1786620382,17748.00,18326.00,-2361.00
1786621283,17748.00,18326.00,-2361.00
1786622183,17748.00,18308.00,-2379.00
1786623083,17748.00,18310.00,-2377.00
1786623983,17748.00,18304.00,-2383.00
1786624883,17748.00,18326.00,-2361.00
1786625783,17748.00,18339.00,-2348.00
1786626683,17748.00,18350.00,-2337.00
1786627583,17748.00,18335.00,-2352.00
1786628483,17748.00,18317.00,-2370.00
1786629383,17748.00,18331.00,-2356.00
1786630283,17748.00,18371.00,-2316.00
1786631183,17748.00,18386.00,-2301.00
1786632083,17748.00,18371.00,-2316.00
1786632983,17748.00,18359.00,-2328.00
1786633883,17748.00,18337.00,-2350.00
1786634783,17748.00,18321.00,-2366.00
1786635683,17748.00,18318.00,-2369.00
1786636583,17748.00,18307.00,-2380.00
1786637483,17748.00,18299.00,-2388.00
1786638383,17748.00,18275.00,-2412.00
1786639283,17748.00,18265.00,-2422.00
1786640183,17748.00,18247.00,-2440.00
1786641083,17748.00,18249.00,-2438.00
1786641983,17748.00,18237.00,-2450.00
1786642883,17748.00,18231.00,-2456.00
1786643783,17748.00,18224.00,-2463.00
1786644683,17748.00,18239.00,-2448.00
1786645583,17748.00,18244.00,-2443.00
1786646483,17748.00,18246.00,-2441.00
1786647383,17748.00,18242.00,-2445.00
1786648283,17748.00,18223.00,-2464.00
1786649183,17748.00,18239.00,-2448.00
1786650083,17748.00,18224.00,-2463.00
1786650983,17748.00,18233.00,-2454.00
1786651883,17748.00,18217.00,-2470.00
1786652783,17748.00,18199.00,-2488.00
1786653683,17748.00,18197.00,-2490.00
1786654583,17748.00,18223.00,-2464.00
1786655483,17748.00,18121.00,-2566.00
1786656383,17748.00,18134.00,-2553.00
1786657283,17748.00,18139.00,-2548.00
1786658184,17748.00,18116.00,-2571.00
1786659084,17748.00,18184.00,-2503.00
1786659984,17748.00,18187.00,-2500.00
1786660884,17748.00,18190.00,-2497.00
1786661784,17748.00,18201.00,-2486.00
1786662684,17748.00,18217.00,-2470.00
1786663584,17748.00,18206.00,-2481.00
1786664484,17748.00,18207.00,-2480.00
1786665384,17748.00,18234.00,-2453.00
1786666284,17748.00,18196.00,-2491.00
1786667184,17748.00,18248.00,-2439.00
1786668084,17748.00,18247.00,-2440.00
1786668984,17748.00,18276.00,-2411.00
1786669884,17748.00,18248.00,-2439.00
1786670784,17748.00,18228.00,-2459.00
1786671684,17748.00,18242.00,-2445.00
1786672584,17748.00,18243.00,-2444.00
1786673484,17748.00,18243.00,-2444.00
1786674384,17748.00,18254.00,-2433.00
1786675284,17748.00,18266.00,-2421.00
1786676184,17748.00,18246.00,-2441.00
1786677084,17748.00,18264.00,-2423.00
1786677984,17748.00,18285.00,-2402.00
1786678884,17748.00,18281.00,-2406.00
1786679784,17748.00,18264.00,-2423.00
1786680684,17748.00,18286.00,-2401.00
1786681584,17748.00,18281.00,-2406.00
1786682484,17748.00,18290.00,-2397.00
1786683384,17748.00,18293.00,-2394.00
1786684284,17748.00,18308.00,-2379.00
1786685184,17748.00,18301.00,-2386.00
1786686084,17807.00,18355.00,-2391.00
1786686984,17807.00,18355.00,-2391.00
1786687884,17807.00,18390.00,-2356.00
1786688784,17807.00,18357.00,-2389.00
1786689684,17807.00,18357.00,-2389.00
1786690584,17807.00,18368.00,-2378.00
1786691484,17807.00,18367.00,-2379.00
1786692384,17807.00,18353.00,-2393.00
1786693284,17807.00,18363.00,-2383.00
1786694184,17807.00,18370.00,-2376.00
1786695085,17807.00,18383.00,-2363.00
1786695985,17807.00,18386.00,-2360.00
1786696885,17807.00,18410.00,-2336.00
1786697785,17807.00,18388.00,-2358.00
1786698685,17807.00,18392.00,-2354.00
1786699585,17807.00,18391.00,-2355.00
1786700485,17807.00,18393.00,-2353.00
1786701385,17807.00,18395.00,-2351.00
1786702285,17807.00,18407.00,-2339.00
1786703185,17807.00,18386.00,-2360.00
1786704085,17807.00,18390.00,-2356.00
1786704985,17807.00,18386.00,-2360.00
1786705885,17807.00,18382.00,-2364.00
1786706785,17807.00,18395.00,-2351.00
1786707685,17807.00,18408.00,-2339.00
1786708585,17807.00,18401.00,-2345.00
1786709485,17846.00,18433.00,-2352.00
1786710385,17846.00,18434.00,-2351.00
1786711285,17869.00,18466.00,-2342.00
1786712185,17869.00,18469.00,-2339.00
1786713085,17869.00,18467.00,-2341.00
1786713985,17869.00,18473.00,-2335.00
1786714885,17869.00,18468.00,-2340.00
1786715785,17869.00,18472.00,-2336.00
1786716685,17869.00,18472.00,-2336.00
1786717585,17869.00,18470.00,-2338.00
1786718485,17869.00,18473.00,-2335.00
1786719385,17869.00,18471.00,-2337.00
1786720285,17869.00,18470.00,-2338.00
1786721185,17869.00,18473.00,-2335.00
1786722085,17869.00,18471.00,-2337.00
1786722985,17869.00,18472.00,-2336.00
1786723885,17869.00,18451.00,-2357.00
1786724785,17869.00,18436.00,-2372.00
1786725685,17869.00,18440.00,-2368.00
1786726585,17869.00,18423.00,-2385.00
1786727485,17869.00,18415.00,-2393.00
1786728385,17869.00,18416.00,-2392.00
1786729285,17869.00,18427.00,-2381.00
1786730185,17869.00,18424.00,-2384.00
1786731085,17869.00,18423.00,-2385.00
1786731986,17869.00,18421.00,-2387.00
1786732886,17869.00,18415.00,-2393.00
1786733786,17869.00,18425.00,-2383.00
1786734686,17869.00,18422.00,-2386.00
1786735586,17869.00,18421.00,-2387.00
1786736486,17869.00,18420.00,-2388.00
1786737386,17869.00,18423.00,-2385.00
1786738286,17869.00,18427.00,-2381.00
1786739186,17869.00,18425.00,-2383.00
1786740086,17869.00,18428.00,-2380.00
1786740986,17869.00,18428.00,-2380.00
1786741886,17869.00,18401.00,-2407.00
1786742786,17869.00,18401.00,-2407.00
1786743686,17869.00,18401.00,-2407.00
1786744586,17869.00,18401.00,-2407.00
1786745486,17869.00,18401.00,-2407.00
1786746386,17869.00,18401.00,-2407.00
1786747286,17869.00,18401.00,-2407.00
1786748186,17869.00,18401.00,-2407.00
1786749086,17869.00,18401.00,-2407.00
1786749986,17869.00,18401.00,-2407.00
1786750886,17869.00,18401.00,-2407.00
1786751786,17869.00,18401.00,-2407.00
1786752686,17869.00,18401.00,-2407.00
1786753586,17869.00,18401.00,-2407.00
1786754486,17869.00,18401.00,-2407.00
1786755386,17869.00,18401.00,-2407.00
1786756286,17869.00,18401.00,-2407.00
1786757186,17869.00,18401.00,-2407.00
1786758086,17869.00,18401.00,-2407.00
1786758986,17869.00,18401.00,-2407.00
1786759886,17869.00,18401.00,-2407.00
1786760786,17869.00,18401.00,-2407.00
1786761686,17869.00,18401.00,-2407.00
1786762586,17869.00,18401.00,-2407.00
1786763486,17869.00,18401.00,-2407.00
1786764386,17869.00,18401.00,-2407.00
1786765286,17869.00,18401.00,-2407.00
1786766186,17869.00,18401.00,-2407.00
1786767086,17869.00,18401.00,-2407.00
1786767987,17869.00,18401.00,-2407.00
1786768887,17869.00,18401.00,-2407.00
1786769787,17869.00,18401.00,-2407.00
1786770687,17869.00,18401.00,-2407.00
1786771587,17869.00,18401.00,-2407.00
1786772487,17869.00,18401.00,-2407.00
1786773387,17869.00,18401.00,-2407.00
1786774287,17869.00,18401.00,-2407.00
1786775187,17869.00,18401.00,-2407.00
1786776087,17869.00,18401.00,-2407.00
1786776987,17869.00,18401.00,-2407.00
1786777887,17869.00,18401.00,-2407.00
1786778787,17869.00,18401.00,-2407.00
1786779687,17869.00,18401.00,-2407.00
1786780587,17869.00,18401.00,-2407.00
1786781487,17869.00,18401.00,-2407.00
1786782387,17869.00,18401.00,-2407.00
1786783287,17869.00,18401.00,-2407.00
1786784187,17869.00,18401.00,-2407.00
1786785087,17869.00,18401.00,-2407.00
1786785987,17869.00,18401.00,-2407.00
1786786887,17869.00,18401.00,-2407.00
1786787787,17869.00,18401.00,-2407.00
1786788687,17869.00,18401.00,-2407.00
1786789587,17869.00,18401.00,-2407.00
1786790487,17869.00,18401.00,-2407.00
1786791387,17869.00,18401.00,-2407.00
1786792287,17869.00,18401.00,-2407.00
1786793187,17869.00,18401.00,-2407.00
1786794087,17869.00,18401.00,-2407.00
1786794987,17869.00,18401.00,-2407.00
1786795887,17869.00,18401.00,-2407.00
1786796787,17869.00,18401.00,-2407.00
1786797687,17869.00,18401.00,-2407.00
1786798587,17869.00,18401.00,-2407.00
1786799487,17869.00,18401.00,-2407.00
1786800387,17869.00,18401.00,-2407.00
1786801287,17869.00,18401.00,-2407.00
1786802187,17869.00,18401.00,-2407.00
1786803088,17869.00,18401.00,-2407.00
1786803988,17869.00,18401.00,-2407.00
1786804888,17869.00,18401.00,-2407.00
1786805788,17869.00,18401.00,-2407.00
1786806688,17869.00,18401.00,-2407.00
1786807588,17869.00,18401.00,-2407.00
1786808488,17869.00,18401.00,-2407.00
1786809388,17869.00,18401.00,-2407.00
1786810288,17869.00,18401.00,-2407.00
1786811188,17869.00,18401.00,-2407.00
1786812088,17869.00,18401.00,-2407.00
1786812988,17869.00,18401.00,-2407.00
1786813888,17869.00,18401.00,-2407.00
1786814788,17869.00,18401.00,-2407.00
1786815688,17869.00,18401.00,-2407.00
1786816588,17869.00,18401.00,-2407.00
1786817488,17869.00,18401.00,-2407.00
1786818388,17869.00,18401.00,-2407.00
1786819288,17869.00,18401.00,-2407.00
1786820188,17869.00,18401.00,-2407.00
1786821088,17869.00,18401.00,-2407.00
1786821988,17869.00,18401.00,-2407.00
1786822888,17869.00,18401.00,-2407.00
1786823788,17869.00,18401.00,-2407.00
1786824688,17869.00,18401.00,-2407.00
1786825588,17869.00,18401.00,-2407.00
1786826488,17869.00,18401.00,-2407.00
1786827388,17869.00,18401.00,-2407.00
1786828288,17869.00,18401.00,-2407.00
1786828511,17869.00,18401.00,-2407.00
1786829411,17869.00,18401.00,-2407.00
1786830311,17869.00,18401.00,-2407.00
1786831211,17869.00,18401.00,-2407.00
1786832111,17869.00,18401.00,-2407.00
1786833011,17869.00,18401.00,-2407.00
1786833911,17869.00,18401.00,-2407.00
1786834811,17869.00,18401.00,-2407.00
1786835711,17869.00,18401.00,-2407.00
1786836611,17869.00,18401.00,-2407.00
1786837511,17869.00,18401.00,-2407.00
1786838411,17869.00,18401.00,-2407.00
1786839311,17869.00,18401.00,-2407.00
1786840211,17869.00,18401.00,-2407.00
1786841111,17869.00,18401.00,-2407.00
1786842011,17869.00,18401.00,-2407.00
1786842911,17869.00,18401.00,-2407.00
1786843811,17869.00,18401.00,-2407.00
1786844711,17869.00,18401.00,-2407.00
1786845611,17869.00,18401.00,-2407.00
1786846511,17869.00,18401.00,-2407.00
1786847411,17869.00,18401.00,-2407.00
1786848311,17869.00,18401.00,-2407.00
1786849212,17869.00,18401.00,-2407.00
1786850112,17869.00,18401.00,-2407.00
1786851012,17869.00,18401.00,-2407.00
1786851912,17869.00,18401.00,-2407.00
1786852812,17869.00,18401.00,-2407.00
1786853712,17869.00,18401.00,-2407.00
1786854612,17869.00,18401.00,-2407.00
1786855512,17869.00,18401.00,-2407.00
1786856412,17869.00,18401.00,-2407.00
1786857312,17869.00,18401.00,-2407.00
1786858212,17869.00,18401.00,-2407.00
1786859112,17869.00,18401.00,-2407.00
1786860012,17869.00,18401.00,-2407.00
1786860912,17869.00,18401.00,-2407.00
1786861812,17869.00,18401.00,-2407.00
1786862712,17869.00,18401.00,-2407.00
1786863612,17869.00,18401.00,-2407.00
1786864512,17869.00,18401.00,-2407.00
1786865412,17869.00,18401.00,-2407.00
1786866312,17869.00,18401.00,-2407.00
1786867212,17869.00,18401.00,-2407.00
1786868112,17869.00,18401.00,-2407.00
1786869012,17869.00,18401.00,-2407.00
1786869912,17869.00,18401.00,-2407.00
1786870812,17869.00,18401.00,-2407.00
1786871712,17869.00,18401.00,-2407.00
1786872612,17869.00,18401.00,-2407.00
1786873512,17869.00,18401.00,-2407.00
1786874412,17869.00,18401.00,-2407.00
1786875312,17869.00,18401.00,-2407.00
1786876212,17869.00,18401.00,-2407.00
1786877112,17869.00,18401.00,-2407.00
1786878012,17869.00,18401.00,-2407.00
1786878912,17869.00,18401.00,-2407.00
1786879812,17869.00,18401.00,-2407.00
1786880712,17869.00,18401.00,-2407.00
1786881612,17869.00,18401.00,-2407.00
1786882512,17869.00,18401.00,-2407.00
1786883412,17869.00,18401.00,-2407.00
1786884312,17869.00,18401.00,-2407.00
1786885213,17869.00,18401.00,-2407.00
1786886113,17869.00,18401.00,-2407.00
1786887013,17869.00,18401.00,-2407.00
1786887913,17869.00,18401.00,-2407.00
1786888813,17869.00,18401.00,-2407.00
1786889713,17869.00,18401.00,-2407.00
1786890613,17869.00,18401.00,-2407.00
1786891513,17869.00,18401.00,-2407.00
1786892413,17869.00,18401.00,-2407.00
1786893313,17869.00,18401.00,-2407.00
1786894213,17869.00,18401.00,-2407.00
1786895113,17869.00,18401.00,-2407.00
1786896013,17869.00,18401.00,-2407.00
1786896913,17869.00,18401.00,-2407.00
1786897813,17869.00,18401.00,-2407.00
1786898713,17869.00,18401.00,-2407.00
1786899613,17869.00,18401.00,-2407.00
1786900513,17869.00,18401.00,-2407.00
1786901413,17869.00,18401.00,-2407.00
1786902313,17869.00,18401.00,-2407.00
1786903213,17869.00,18401.00,-2407.00
1786904113,17869.00,18401.00,-2407.00
1786905013,17869.00,18401.00,-2407.00
1786905913,17869.00,18401.00,-2407.00
1786906813,17869.00,18401.00,-2407.00
1786907713,17869.00,18401.00,-2407.00
1786908613,17869.00,18401.00,-2407.00
1786909513,17869.00,18401.00,-2407.00
1786910413,17869.00,18401.00,-2407.00
1786911313,17869.00,18401.00,-2407.00
1786912213,17869.00,18401.00,-2407.00
1786913113,17869.00,18401.00,-2407.00
1786914013,17869.00,18401.00,-2407.00
1786914913,17869.00,18309.00,-2499.00
1786915813,17869.00,18326.00,-2482.00
1786916713,17869.00,18360.00,-2448.00
1786917613,17869.00,18355.00,-2453.00
1786918513,17869.00,18378.00,-2430.00
1786919413,17869.00,18398.00,-2410.00
1786920314,17869.00,18401.00,-2407.00
1786921214,17869.00,18439.00,-2369.00
1786922114,17869.00,18432.00,-2376.00
1786923014,17869.00,18432.00,-2376.00
1786923914,17869.00,18439.00,-2369.00
1786924814,17869.00,18435.00,-2373.00
1786925714,17869.00,18449.00,-2359.00
1786926614,17869.00,18463.00,-2345.00
1786927514,17869.00,18470.00,-2338.00
1786928414,17918.00,18494.00,-2363.00
1786929314,17893.00,18491.00,-2341.00
1786930214,17893.00,18491.00,-2341.00
1786931114,17893.00,18489.00,-2343.00
1786932014,17893.00,18492.00,-2340.00
1786932914,17893.00,18492.00,-2340.00
1786933814,17893.00,18490.00,-2342.00
1786934714,17893.00,18489.00,-2343.00
1786935614,17893.00,18492.00,-2340.00
1786936514,17893.00,18490.00,-2342.00
1786937414,17893.00,18488.00,-2344.00
1786938314,17893.00,18489.00,-2343.00
1786939214,17893.00,18487.00,-2345.00
1786940114,17893.00,18491.00,-2341.00
1786941014,17893.00,18488.00,-2344.00
1786941914,17893.00,18492.00,-2340.00
1786942814,17893.00,18492.00,-2340.00
1786943714,17893.00,18492.00,-2340.00
1786944614,17893.00,18487.00,-2345.00
1786945514,17893.00,18489.00,-2343.00
1786946414,17893.00,18490.00,-2342.00
1786947314,17893.00,18489.00,-2343.00
1786948214,17893.00,18489.00,-2343.00
1786949114,17893.00,18490.00,-2342.00
1786950014,17893.00,18492.00,-2340.00
1786950914,17893.00,18490.00,-2342.00
1786951814,17893.00,18488.00,-2344.00
1786952714,17893.00,18491.00,-2341.00
1786953614,17893.00,18492.00,-2340.00
1786954514,17893.00,18492.00,-2340.00
1786955414,17893.00,18489.00,-2343.00
1786956314,17893.00,18491.00,-2341.00
1786957214,17893.00,18492.00,-2340.00
1786958115,17893.00,18491.00,-2341.00
1786959015,17893.00,18492.00,-2340.00
1786959915,17893.00,18489.00,-2343.00
1786960815,17893.00,18491.00,-2341.00
1786961715,17893.00,18485.00,-2347.00
1786962615,17893.00,18499.00,-2333.00
1786963515,17893.00,18495.00,-2337.00
1786964415,17893.00,18477.00,-2355.00
1786965315,17893.00,18483.00,-2349.00
1786966215,17893.00,18469.00,-2363.00
1786967115,17893.00,18462.00,-2370.00
1786968015,17893.00,18471.00,-2361.00
1786968915,17893.00,18471.00,-2361.00
1786969815,17893.00,18465.00,-2367.00
1786970715,17893.00,18464.00,-2368.00
1786971615,17893.00,18465.00,-2367.00
1786972515,17893.00,18462.00,-2370.00
1786973415,17893.00,18457.00,-2375.00
1786974315,17893.00,18434.00,-2398.00
1786975215,17893.00,18460.00,-2372.00
1786976115,17893.00,18467.00,-2365.00
1786977015,17893.00,18471.00,-2361.00
1786977915,17893.00,18467.00,-2365.00
1786978815,17893.00,18458.00,-2374.00
1786979715,17893.00,18444.00,-2388.00
1786980615,17893.00,18444.00,-2388.00
1786981515,17893.00,18413.00,-2419.00
1786982415,17893.00,18448.00,-2384.00
1786983315,17893.00,18440.00,-2392.00
1786984215,17893.00,18436.00,-2396.00
1786985115,17893.00,18442.00,-2390.00
1786986015,17893.00,18437.00,-2395.00
1786986915,17893.00,18433.00,-2399.00
1786987815,17893.00,18396.00,-2436.00
1786988715,17893.00,18382.00,-2450.00
1786989615,17893.00,18353.00,-2479.00
1786990515,17893.00,18352.00,-2480.00
1786991415,17893.00,18290.00,-2542.00
1786992315,17893.00,18312.00,-2520.00
1786993215,17893.00,18281.00,-2551.00
1786994116,17893.00,18383.00,-2449.00
1786995016,17893.00,18449.00,-2383.00
1786995916,17893.00,18453.00,-2379.00
1786996816,17893.00,18427.00,-2405.00
1786997716,17893.00,18374.00,-2458.00
1786998616,17893.00,18395.00,-2437.00
1786999516,17893.00,18392.00,-2440.00
1787000416,17893.00,18064.00,-2768.00
1787001316,17893.00,18255.00,-2577.00
1787002216,17893.00,18283.00,-2549.00
1787003116,17893.00,18274.00,-2558.00
1787004016,17893.00,18362.00,-2470.00
1787004916,17893.00,18354.00,-2478.00
1787005816,17893.00,18413.00,-2419.00
1787006716,17893.00,18402.00,-2430.00
1787007616,17893.00,18416.00,-2416.00
1787008516,17905.00,18458.00,-2386.00
1787009416,17905.00,18467.00,-2377.00
1787010316,17905.00,18482.00,-2362.00
1787011216,17905.00,18481.00,-2363.00
1787012116,17905.00,18465.00,-2379.00
1787013016,17905.00,18442.00,-2402.00
1787013916,17905.00,18420.00,-2424.00
1787014816,17905.00,18443.00,-2401.00
1787015716,17905.00,18450.00,-2394.00
1787016616,17905.00,18436.00,-2408.00
1787017516,17905.00,18443.00,-2401.00
1787018416,17905.00,18415.00,-2429.00
1787019316,17905.00,18408.00,-2436.00
1787020216,17905.00,18426.00,-2418.00
1787021116,17905.00,18415.00,-2429.00
1787022016,17905.00,18430.00,-2414.00
1787022916,17905.00,18417.00,-2427.00
1787023816,17905.00,18414.00,-2430.00
1787024716,17905.00,18396.00,-2448.00
1787025616,17905.00,18397.00,-2447.00
1787026516,17905.00,18311.00,-2533.00
1787027416,17905.00,18289.00,-2555.00
1787028316,17905.00,18294.00,-2550.00
1787029216,17905.00,18296.00,-2548.00
1787030116,17905.00,18277.00,-2567.00
1787031017,17905.00,18315.00,-2529.00
1787031917,17905.00,18309.00,-2535.00
1787032817,17905.00,18328.00,-2516.00
1787033717,17905.00,18288.00,-2556.00
1787034617,17905.00,18273.00,-2571.00
1787035517,17905.00,18253.00,-2591.00
1787036417,17905.00,18268.00,-2576.00
1787037317,17905.00,18262.00,-2582.00
1787038217,17905.00,18277.00,-2567.00
1787039117,17905.00,18289.00,-2555.00
1787040017,17905.00,18277.00,-2567.00
1787040917,17905.00,18277.00,-2567.00
1787041817,17905.00,18271.00,-2573.00
1787042717,17905.00,18331.00,-2513.00
1787043617,17905.00,18305.00,-2539.00
1787044517,17905.00,18311.00,-2533.00
1787045417,17905.00,18356.00,-2488.00
1787046317,17905.00,18351.00,-2493.00
1787047217,17905.00,18359.00,-2485.00
1787048117,17905.00,18315.00,-2529.00
1787049017,17905.00,18321.00,-2523.00
1787049917,17905.00,18309.00,-2535.00
1787050817,17905.00,18291.00,-2553.00
1787051717,17905.00,18274.00,-2570.00
1787052617,17905.00,18268.00,-2576.00
1787053517,17905.00,18277.00,-2567.00
1787054417,17905.00,18298.00,-2546.00
1787055317,17905.00,18313.00,-2531.00
1787056217,17905.00,18321.00,-2523.00
1787057117,17905.00,18315.00,-2529.00
1787058017,17905.00,18329.00,-2515.00
1787058917,17905.00,18351.00,-2493.00
1787059817,17905.00,18289.00,-2555.00
1787060717,17905.00,18355.00,-2489.00
1787061617,17905.00,18386.00,-2458.00
1787062517,17905.00,18425.00,-2419.00
1787063417,17905.00,18456.00,-2388.00
1787064317,17905.00,18425.00,-2419.00
1787065217,17905.00,18397.00,-2447.00
1787066117,17905.00,18359.00,-2485.00
1787067018,17905.00,18358.00,-2486.00
1787067918,17905.00,18375.00,-2469.00
1787068818,17905.00,18386.00,-2458.00
1787069718,17905.00,18395.00,-2449.00
1787070618,17905.00,18370.00,-2474.00
1787071518,17905.00,18389.00,-2455.00
1787072418,17905.00,18392.00,-2452.00
1787073318,17905.00,18370.00,-2474.00
1787074218,17905.00,18365.00,-2479.00
1787075118,17905.00,18357.00,-2487.00
1787076018,17905.00,18358.00,-2486.00
1787076918,17905.00,18378.00,-2466.00
1787077818,17905.00,18380.00,-2464.00
1787078718,17905.00,18351.00,-2493.00
1787079618,17905.00,18365.00,-2479.00
1787080518,17905.00,18380.00,-2464.00
1787081418,17905.00,18357.00,-2487.00
1787082318,17905.00,18363.00,-2481.00
1787083218,17905.00,18329.00,-2515.00
1787084118,17905.00,18329.00,-2515.00
1787085018,17905.00,18326.00,-2518.00
1787085918,17905.00,18327.00,-2517.00
1787086818,17905.00,18277.00,-2567.00
1787087718,17905.00,18243.00,-2601.00
1787088618,17905.00,18257.00,-2587.00
1787089518,17905.00,18232.00,-2612.00
1787090418,17905.00,18244.00,-2600.00
1787091318,17905.00,18288.00,-2556.00
1787092218,17905.00,18303.00,-2541.00
1787093118,17905.00,18307.00,-2537.00
1787094018,17905.00,18326.00,-2518.00
1787094918,17905.00,18346.00,-2498.00
1787095818,17905.00,18341.00,-2503.00
1787096718,17905.00,18322.00,-2522.00
1787097618,17905.00,18363.00,-2481.00
1787098518,17905.00,18429.00,-2415.00
1787099418,17905.00,18405.00,-2439.00
1787100318,17905.00,18417.00,-2427.00
1787101218,17905.00,18415.00,-2429.00
1787102118,17905.00,18401.00,-2443.00
1787103018,17905.00,18404.00,-2440.00
1787103919,17905.00,18423.00,-2421.00
1787104819,17905.00,18433.00,-2411.00
1787105719,17905.00,18461.00,-2383.00
1787106619,17943.00,18487.00,-2395.00
1787107519,17943.00,18498.00,-2384.00
1787108419,17943.00,18483.00,-2399.00
1787109319,17943.00,18479.00,-2403.00
1787110219,17943.00,18481.00,-2401.00
1787111119,17943.00,18469.00,-2413.00
1787112019,17943.00,18466.00,-2416.00
1787112919,17943.00,18476.00,-2406.00
1787113819,17943.00,18493.00,-2389.00
1787114719,17943.00,18485.00,-2397.00
1787115619,17943.00,18494.00,-2388.00
1787116519,17943.00,18499.00,-2383.00
1787117419,17943.00,18507.00,-2375.00
1787118319,17943.00,18512.00,-2370.00
1787119219,17943.00,18507.00,-2375.00
1787120119,17943.00,18523.00,-2359.00
1787121019,17943.00,18549.00,-2333.00
1787121919,17948.00,18545.00,-2342.00
1787122819,17948.00,18542.00,-2345.00
1787123719,17948.00,18541.00,-2346.00
1787124619,17948.00,18541.00,-2346.00
1787125519,17948.00,18545.00,-2342.00
1787126419,17948.00,18543.00,-2344.00
1787127319,17948.00,18543.00,-2345.00
1787128219,17948.00,18542.00,-2345.00
1787129119,17948.00,18541.00,-2346.00
1787130019,17948.00,18545.00,-2342.00
1787130919,17948.00,18543.00,-2344.00
1787131819,17948.00,18543.00,-2344.00
1787132719,17948.00,18543.00,-2344.00
1787133619,17948.00,18545.00,-2342.00
1787134519,17948.00,18542.00,-2345.00
1787135419,17948.00,18545.00,-2342.00
1787136319,17948.00,18545.00,-2342.00
1787137219,17948.00,18542.00,-2345.00
1787138119,17948.00,18543.00,-2344.00
1787139019,17948.00,18543.00,-2344.00
1787139919,17948.00,18543.00,-2344.00
1787140820,17948.00,18545.00,-2342.00
1787141720,17948.00,18544.00,-2343.00
1787142620,17948.00,18541.00,-2346.00
1787143520,17962.00,18539.00,-2362.00
1787144420,17962.00,18577.00,-2324.00
1787145320,17962.00,18521.00,-2380.00
1787146220,17962.00,18521.00,-2380.00
1787147120,17962.00,18557.00,-2344.00
1787148020,17962.00,18537.00,-2364.00
1787148920,17962.00,18494.00,-2407.00
1787149820,17962.00,18486.00,-2415.00
1787150720,17962.00,18454.00,-2447.00
1787151620,17962.00,18518.00,-2383.00
1787152520,17962.00,18514.00,-2387.00
1787153420,17962.00,18567.00,-2334.00
1787154320,17962.00,18525.00,-2376.00
1787155220,17962.00,18546.00,-2355.00
1787156120,17962.00,18531.00,-2370.00
1787157020,17962.00,18536.00,-2365.00
1787157920,17962.00,18526.00,-2375.00
1787158820,17962.00,18524.00,-2377.00
1787159720,17962.00,18556.00,-2345.00
1787160620,17962.00,18559.00,-2342.00
1787161520,17962.00,18575.00,-2326.00
1787162420,17962.00,18589.00,-2312.00
1787163320,17962.00,18529.00,-2372.00
1787164220,17962.00,18554.00,-2347.00
1787165120,17962.00,18504.00,-2397.00
1787166020,17962.00,18501.00,-2400.00
1787166920,17962.00,18486.00,-2415.00
1787167820,17962.00,18455.00,-2446.00
1787168720,17962.00,18482.00,-2419.00
1787169620,17962.00,18444.00,-2457.00
1787170520,17962.00,18454.00,-2447.00
1787171420,17962.00,18466.00,-2435.00
1787172320,17962.00,18446.00,-2455.00
1787173220,17962.00,18291.00,-2610.00
1787174120,17962.00,18377.00,-2524.00
1787175020,17962.00,18369.00,-2532.00
1787175920,17962.00,18381.00,-2520.00
1787176821,17962.00,18388.00,-2513.00
1787177721,17962.00,18356.00,-2545.00
1787178621,17962.00,18369.00,-2532.00
1787179521,17962.00,18395.00,-2506.00
1787180421,17962.00,18453.00,-2448.00
1787181321,17962.00,18450.00,-2451.00
1787182221,17962.00,18451.00,-2450.00
1787183121,17962.00,18470.00,-2431.00
1787184021,17962.00,18468.00,-2433.00
1787184921,18006.00,18506.00,-2439.00
1787185821,18006.00,18506.00,-2439.00
1787186721,18006.00,18517.00,-2428.00
1787187621,18006.00,18528.00,-2417.00
1787188521,18006.00,18542.00,-2403.00
1787189421,18006.00,18524.00,-2421.00
1787190321,18006.00,18553.00,-2392.00
1787191221,18006.00,18560.00,-2385.00
1787192121,18006.00,18551.00,-2394.00
1787193021,18006.00,18539.00,-2406.00
1787193921,18006.00,18533.00,-2412.00
1787194821,18006.00,18541.00,-2404.00
1787195721,18006.00,18530.00,-2415.00
1787196621,18006.00,18535.00,-2410.00
1787197521,18006.00,18535.00,-2410.00
1787198421,18006.00,18533.00,-2412.00
1787199321,18006.00,18533.00,-2412.00
1787200221,18006.00,18545.00,-2400.00
1787201121,18006.00,18564.00,-2381.00
1787202021,18006.00,18573.00,-2372.00
1787202921,18006.00,18573.00,-2372.00
1787203821,18006.00,18604.00,-2341.00
1787204721,18006.00,18612.00,-2333.00
1787205621,18006.00,18583.00,-2362.00
1787206521,18006.00,18572.00,-2373.00
1787207421,18006.00,18557.00,-2388.00
1787208321,18006.00,18542.00,-2403.00
1787209221,18006.00,18511.00,-2434.00
1787210121,18006.00,18528.00,-2417.00
1787211021,18006.00,18560.00,-2385.00
1787211921,18006.00,18542.00,-2403.00
1787212821,18006.00,18539.00,-2406.00
1787213722,18006.00,18528.00,-2417.00
1787214622,18006.00,18551.00,-2394.00
1787215522,18006.00,18552.00,-2393.00
1787216422,18006.00,18546.00,-2399.00
1787217322,18006.00,18530.00,-2415.00
1787218222,18006.00,18497.00,-2448.00
1787219122,18006.00,18502.00,-2443.00
1787220022,18006.00,18515.00,-2430.00
1787220922,18006.00,18494.00,-2451.00
1787221822,18006.00,18494.00,-2451.00
1787222722,18006.00,18517.00,-2428.00
1787223622,18006.00,18551.00,-2394.00
1787224522,18006.00,18585.00,-2360.00
1787225422,18006.00,18575.00,-2370.00
1787226322,18006.00,18591.00,-2354.00
1787227222,18006.00,18592.00,-2353.00
1787228122,18006.00,18607.00,-2338.00
1787229022,18006.00,18600.00,-2345.00
1787229922,18006.00,18589.00,-2356.00
1787230822,18006.00,18589.00,-2356.00
1787231722,18006.00,18595.00,-2350.00
1787232622,18006.00,18582.00,-2363.00
1787233522,18006.00,18607.00,-2338.00
1787234422,18006.00,18636.00,-2309.00
1787235322,18006.00,18653.00,-2292.00
1787236222,18006.00,18633.00,-2312.00
1787237122,18006.00,18618.00,-2327.00
1787238022,18006.00,18612.00,-2333.00
1787238922,18006.00,18626.00,-2319.00
1787239822,18006.00,18624.00,-2321.00
1787240722,18006.00,18675.00,-2270.00
1787241622,18006.00,18650.00,-2295.00
1787242522,18006.00,18680.00,-2265.00
1787243422,18006.00,18690.00,-2255.00
1787244322,18006.00,18685.00,-2260.00
1787245222,18006.00,18680.00,-2265.00
1787246122,18006.00,18683.00,-2262.00
1787247022,18006.00,18686.00,-2259.00
1787247922,18006.00,18690.00,-2255.00
1787248822,18006.00,18685.00,-2260.00
